"38936202","2","10","2014-04-04","1","2014-04-04 10:49:21","2013-09-16 22:38:18","1","Android","Mozilla/5.0 (Linux; U; Android 4.2.1; en-us; Nexus Build/JOP40D) AppleWebKit/534.30 (KHTML, like Gecko) Version/4.0 Mobile Safari/534.30"
"40626968","2","10","2013-06-23","1","2013-06-23 00:40:06","2013-05-11 20:52:44","1","Android","Mozilla/5.0 (Linux; U; Android 4.2.1; en-us; Nexus Build/JOP40D) AppleWebKit/534.30 (KHTML, like Gecko) Version/4.0 Mobile Safari/534.30"
"42365109","2","10","2014-04-04","1","2014-04-04 10:49:04","2013-09-16 22:38:18","1","Android","Mozilla/5.0 (Linux; U; Android 4.2.1; en-us; Nexus Build/JOP40D) AppleWebKit/534.30 (KHTML, like Gecko) Version/4.0 Mobile Safari/534.30"
"42529796","2","10","2014-04-04","1","2014-04-04 10:47:39","2013-09-16 22:38:17","1","Android","Mozilla/5.0 (Linux; U; Android 4.2.1; en-us; Nexus Build/JOP40D) AppleWebKit/534.30 (KHTML, like Gecko) Version/4.0 Mobile Safari/534.30"
"52816921","2","10","2014-04-04","1","2014-04-04 10:47:54","2013-09-16 22:38:17","1","Android","Mozilla/5.0 (Linux; U; Android 4.2.1; en-us; Nexus Build/JOP40D) AppleWebKit/534.30 (KHTML, like Gecko) Version/4.0 Mobile Safari/534.30"
"52841233","2","10","2014-04-04","1","2014-04-04 10:48:29","2013-09-16 22:38:18","1","Android","Mozilla/5.0 (Linux; U; Android 4.2.1; en-us; Nexus Build/JOP40D) AppleWebKit/534.30 (KHTML, like Gecko) Version/4.0 Mobile Safari/534.30"
"52843569","2","10","2014-04-04","1","2014-04-04 10:48:12","2013-09-16 22:38:17","1","Android","Mozilla/5.0 (Linux; U; Android 4.2.1; en-us; Nexus Build/JOP40D) AppleWebKit/534.30 (KHTML, like Gecko) Version/4.0 Mobile Safari/534.30"
"52851311","2","10","2014-04-04","1","2014-04-04 10:34:28","2013-09-15 12:39:47","1","Android","Mozilla/5.0 (Linux; U; Android 4.2.1; en-us; Nexus Build/JOP40D) AppleWebKit/534.30 (KHTML, like Gecko) Version/4.0 Mobile Safari/534.30"
"52851523","2","10","2014-04-04","1","2014-04-04 10:34:44","2013-09-15 12:39:47","1","Android","Mozilla/5.0 (Linux; U; Android 4.2.1; en-us; Nexus Build/JOP40D) AppleWebKit/534.30 (KHTML, like Gecko) Version/4.0 Mobile Safari/534.30"
"52851803","2","10","2014-04-04","1","2014-04-04 10:35:00","2013-09-15 12:39:47","1","Android","Mozilla/5.0 (Linux; U; Android 4.2.1; en-us; Nexus Build/JOP40D) AppleWebKit/534.30 (KHTML, like Gecko) Version/4.0 Mobile Safari/534.30"
"52874437","2","10","2014-04-04","1","2014-04-04 10:48:47","2013-09-16 22:38:18","1","Android","Mozilla/5.0 (Linux; U; Android 4.2.1; en-us; Nexus Build/JOP40D) AppleWebKit/534.30 (KHTML, like Gecko) Version/4.0 Mobile Safari/534.30"
"56608778","2","10","2014-04-04","1","2014-04-04 10:27:06","2013-08-24 01:48:08","1","Android","Mozilla/5.0 (Linux; U; Android 4.2.1; en-us; Nexus Build/JOP40D) AppleWebKit/534.30 (KHTML, like Gecko) Version/4.0 Mobile Safari/534.30"
"56609825","2","10","2014-04-04","1","2014-04-04 10:27:20","2013-08-24 01:48:09","1","Android","Mozilla/5.0 (Linux; U; Android 4.2.1; en-us; Nexus Build/JOP40D) AppleWebKit/534.30 (KHTML, like Gecko) Version/4.0 Mobile Safari/534.30"
"56610027","2","10","2014-04-04","1","2014-04-04 10:27:35","2013-08-24 01:48:11","1","Android","Mozilla/5.0 (Linux; U; Android 4.2.1; en-us; Nexus Build/JOP40D) AppleWebKit/534.30 (KHTML, like Gecko) Version/4.0 Mobile Safari/534.30"
"56614853","2","10","2014-04-04","1","2014-04-04 10:27:51","2013-08-24 01:48:14","1","Android","Mozilla/5.0 (Linux; U; Android 4.2.1; en-us; Nexus Build/JOP40D) AppleWebKit/534.30 (KHTML, like Gecko) Version/4.0 Mobile Safari/534.30"
"56615051","2","10","2014-04-04","1","2014-04-04 10:28:06","2013-08-24 01:48:16","1","Android","Mozilla/5.0 (Linux; U; Android 4.2.1; en-us; Nexus Build/JOP40D) AppleWebKit/534.30 (KHTML, like Gecko) Version/4.0 Mobile Safari/534.30"
"56642332","2","10","2014-04-04","1","2014-04-04 10:31:19","2013-08-24 02:37:03","1","Android","Mozilla/5.0 (Linux; U; Android 4.2.1; en-us; Nexus Build/JOP40D) AppleWebKit/534.30 (KHTML, like Gecko) Version/4.0 Mobile Safari/534.30"
"56665599","2","10","2014-04-04","1","2014-04-04 10:28:21","2013-08-24 01:48:20","1","Android","Mozilla/5.0 (Linux; U; Android 4.2.1; en-us; Nexus Build/JOP40D) AppleWebKit/534.30 (KHTML, like Gecko) Version/4.0 Mobile Safari/534.30"
"56665739","2","10","2014-04-04","1","2014-04-04 10:28:36","2013-08-24 01:48:22","1","Android","Mozilla/5.0 (Linux; U; Android 4.2.1; en-us; Nexus Build/JOP40D) AppleWebKit/534.30 (KHTML, like Gecko) Version/4.0 Mobile Safari/534.30"
"56665890","2","10","2014-04-04","1","2014-04-04 10:35:33","2013-09-15 12:45:23","1","Android","Mozilla/5.0 (Linux; U; Android 4.2.1; en-us; Nexus Build/JOP40D) AppleWebKit/534.30 (KHTML, like Gecko) Version/4.0 Mobile Safari/534.30"
"56666708","2","10","2014-04-04","1","2014-04-04 10:28:54","2013-08-24 01:48:24","1","Android","Mozilla/5.0 (Linux; U; Android 4.2.1; en-us; Nexus Build/JOP40D) AppleWebKit/534.30 (KHTML, like Gecko) Version/4.0 Mobile Safari/534.30"
"56666887","2","10","2014-04-04","1","2014-04-04 10:29:26","2013-08-24 01:48:30","1","Android","Mozilla/5.0 (Linux; U; Android 4.2.1; en-us; Nexus Build/JOP40D) AppleWebKit/534.30 (KHTML, like Gecko) Version/4.0 Mobile Safari/534.30"
"56666951","2","10","2014-04-04","1","2014-04-04 10:35:51","2013-09-15 12:45:23","1","Android","Mozilla/5.0 (Linux; U; Android 4.2.1; en-us; Nexus Build/JOP40D) AppleWebKit/534.30 (KHTML, like Gecko) Version/4.0 Mobile Safari/534.30"
"56667167","2","10","2014-04-04","1","2014-04-04 10:36:08","2013-09-15 12:45:23","1","Android","Mozilla/5.0 (Linux; U; Android 4.2.1; en-us; Nexus Build/JOP40D) AppleWebKit/534.30 (KHTML, like Gecko) Version/4.0 Mobile Safari/534.30"
"56667253","2","10","2014-04-04","1","2014-04-04 10:29:10","2013-08-24 01:48:27","1","Android","Mozilla/5.0 (Linux; U; Android 4.2.1; en-us; Nexus Build/JOP40D) AppleWebKit/534.30 (KHTML, like Gecko) Version/4.0 Mobile Safari/534.30"
"56669001","2","10","2014-04-04","1","2014-04-04 10:29:42","2013-08-24 02:37:02","1","Android","Mozilla/5.0 (Linux; U; Android 4.2.1; en-us; Nexus Build/JOP40D) AppleWebKit/534.30 (KHTML, like Gecko) Version/4.0 Mobile Safari/534.30"
"56669456","2","10","2014-04-04","1","2014-04-04 10:29:58","2013-08-24 02:37:02","1","Android","Mozilla/5.0 (Linux; U; Android 4.2.1; en-us; Nexus Build/JOP40D) AppleWebKit/534.30 (KHTML, like Gecko) Version/4.0 Mobile Safari/534.30"
"56671658","2","10","2014-04-04","1","2014-04-04 10:30:14","2013-08-24 02:37:02","1","Android","Mozilla/5.0 (Linux; U; Android 4.2.1; en-us; Nexus Build/JOP40D) AppleWebKit/534.30 (KHTML, like Gecko) Version/4.0 Mobile Safari/534.30"
"56671725","2","10","2014-04-04","1","2014-04-04 10:30:30","2013-08-24 02:37:03","1","Android","Mozilla/5.0 (Linux; U; Android 4.2.1; en-us; Nexus Build/JOP40D) AppleWebKit/534.30 (KHTML, like Gecko) Version/4.0 Mobile Safari/534.30"
"56671869","2","10","2014-04-04","1","2014-04-04 10:30:46","2013-08-24 02:37:03","1","Android","Mozilla/5.0 (Linux; U; Android 4.2.1; en-us; Nexus Build/JOP40D) AppleWebKit/534.30 (KHTML, like Gecko) Version/4.0 Mobile Safari/534.30"
"56671934","2","10","2014-04-04","1","2014-04-04 10:31:02","2013-08-24 02:37:03","1","Android","Mozilla/5.0 (Linux; U; Android 4.2.1; en-us; Nexus Build/JOP40D) AppleWebKit/534.30 (KHTML, like Gecko) Version/4.0 Mobile Safari/534.30"
"56672215","2","10","2014-04-04","1","2014-04-04 10:36:25","2013-09-15 12:45:23","1","Android","Mozilla/5.0 (Linux; U; Android 4.2.1; en-us; Nexus Build/JOP40D) AppleWebKit/534.30 (KHTML, like Gecko) Version/4.0 Mobile Safari/534.30"
"56681357","2","10","2014-04-04","1","2014-04-04 10:31:36","2013-08-24 02:37:04","1","Android","Mozilla/5.0 (Linux; U; Android 4.2.1; en-us; Nexus Build/JOP40D) AppleWebKit/534.30 (KHTML, like Gecko) Version/4.0 Mobile Safari/534.30"
"56681474","2","10","2014-04-04","1","2014-04-04 10:31:54","2013-08-24 02:37:04","1","Android","Mozilla/5.0 (Linux; U; Android 4.2.1; en-us; Nexus Build/JOP40D) AppleWebKit/534.30 (KHTML, like Gecko) Version/4.0 Mobile Safari/534.30"
"56694578","2","10","2014-04-04","1","2014-04-04 10:32:13","2013-08-24 02:37:04","1","Android","Mozilla/5.0 (Linux; U; Android 4.2.1; en-us; Nexus Build/JOP40D) AppleWebKit/534.30 (KHTML, like Gecko) Version/4.0 Mobile Safari/534.30"
"56694641","2","10","2014-04-04","1","2014-04-04 10:32:31","2013-09-15 12:39:45","1","Android","Mozilla/5.0 (Linux; U; Android 4.2.1; en-us; Nexus Build/JOP40D) AppleWebKit/534.30 (KHTML, like Gecko) Version/4.0 Mobile Safari/534.30"
"56695178","2","10","2014-04-04","1","2014-04-04 10:32:49","2013-09-15 12:39:45","1","Android","Mozilla/5.0 (Linux; U; Android 4.2.1; en-us; Nexus Build/JOP40D) AppleWebKit/534.30 (KHTML, like Gecko) Version/4.0 Mobile Safari/534.30"
"56695215","2","10","2014-04-04","1","2014-04-04 10:33:06","2013-09-15 12:39:45","1","Android","Mozilla/5.0 (Linux; U; Android 4.2.1; en-us; Nexus Build/JOP40D) AppleWebKit/534.30 (KHTML, like Gecko) Version/4.0 Mobile Safari/534.30"
"56695258","2","10","2014-04-04","1","2014-04-04 10:33:23","2013-09-15 12:39:45","1","Android","Mozilla/5.0 (Linux; U; Android 4.2.1; en-us; Nexus Build/JOP40D) AppleWebKit/534.30 (KHTML, like Gecko) Version/4.0 Mobile Safari/534.30"
"56695283","2","10","2014-04-04","1","2014-04-04 10:33:39","2013-09-15 12:39:46","1","Android","Mozilla/5.0 (Linux; U; Android 4.2.1; en-us; Nexus Build/JOP40D) AppleWebKit/534.30 (KHTML, like Gecko) Version/4.0 Mobile Safari/534.30"
"56702809","2","10","2014-04-04","1","2014-04-04 10:33:56","2013-09-15 12:39:46","1","Android","Mozilla/5.0 (Linux; U; Android 4.2.1; en-us; Nexus Build/JOP40D) AppleWebKit/534.30 (KHTML, like Gecko) Version/4.0 Mobile Safari/534.30"
"56702900","2","10","2014-04-04","1","2014-04-04 10:34:12","2013-09-15 12:39:46","1","Android","Mozilla/5.0 (Linux; U; Android 4.2.1; en-us; Nexus Build/JOP40D) AppleWebKit/534.30 (KHTML, like Gecko) Version/4.0 Mobile Safari/534.30"
"57117362","2","10","2014-04-04","1","2014-04-04 10:49:37","2013-09-16 22:46:23","1","Android","Mozilla/5.0 (Linux; U; Android 4.2.1; en-us; Nexus Build/JOP40D) AppleWebKit/534.30 (KHTML, like Gecko) Version/4.0 Mobile Safari/534.30"
"57152191","2","10","2014-04-04","1","2014-04-04 10:49:55","2013-09-16 22:46:23","1","Android","Mozilla/5.0 (Linux; U; Android 4.2.1; en-us; Nexus Build/JOP40D) AppleWebKit/534.30 (KHTML, like Gecko) Version/4.0 Mobile Safari/534.30"
"57167009","2","10","2014-04-04","1","2014-04-04 10:50:12","2013-09-16 22:46:24","1","Android","Mozilla/5.0 (Linux; U; Android 4.2.1; en-us; Nexus Build/JOP40D) AppleWebKit/534.30 (KHTML, like Gecko) Version/4.0 Mobile Safari/534.30"
"57167519","2","10","2014-04-04","1","2014-04-04 10:50:28","2013-09-16 22:46:24","1","Android","Mozilla/5.0 (Linux; U; Android 4.2.1; en-us; Nexus Build/JOP40D) AppleWebKit/534.30 (KHTML, like Gecko) Version/4.0 Mobile Safari/534.30"
"57168458","2","10","2014-04-04","1","2014-04-04 10:50:45","2013-09-16 22:46:24","1","Android","Mozilla/5.0 (Linux; U; Android 4.2.1; en-us; Nexus Build/JOP40D) AppleWebKit/534.30 (KHTML, like Gecko) Version/4.0 Mobile Safari/534.30"
"57168729","2","10","2014-04-04","1","2014-04-04 10:51:02","2013-09-16 22:46:25","1","Android","Mozilla/5.0 (Linux; U; Android 4.2.1; en-us; Nexus Build/JOP40D) AppleWebKit/534.30 (KHTML, like Gecko) Version/4.0 Mobile Safari/534.30"
"57168772","2","10","2014-04-04","1","2014-04-04 10:51:18","2013-09-16 22:46:25","1","Android","Mozilla/5.0 (Linux; U; Android 4.2.1; en-us; Nexus Build/JOP40D) AppleWebKit/534.30 (KHTML, like Gecko) Version/4.0 Mobile Safari/534.30"
"57169678","2","10","2014-04-04","1","2014-04-04 10:51:34","2013-09-16 22:46:25","1","Android","Mozilla/5.0 (Linux; U; Android 4.2.1; en-us; Nexus Build/JOP40D) AppleWebKit/534.30 (KHTML, like Gecko) Version/4.0 Mobile Safari/534.30"
"57169797","2","10","2014-04-04","1","2014-04-04 10:51:51","2013-09-16 22:46:25","1","Android","Mozilla/5.0 (Linux; U; Android 4.2.1; en-us; Nexus Build/JOP40D) AppleWebKit/534.30 (KHTML, like Gecko) Version/4.0 Mobile Safari/534.30"
"57169937","2","10","2014-04-04","1","2014-04-04 10:52:08","2013-09-16 22:46:26","1","Android","Mozilla/5.0 (Linux; U; Android 4.2.1; en-us; Nexus Build/JOP40D) AppleWebKit/534.30 (KHTML, like Gecko) Version/4.0 Mobile Safari/534.30"
"57170041","2","10","2014-04-04","1","2014-04-04 10:52:25","2013-09-16 22:51:33","1","Android","Mozilla/5.0 (Linux; U; Android 4.2.1; en-us; Nexus Build/JOP40D) AppleWebKit/534.30 (KHTML, like Gecko) Version/4.0 Mobile Safari/534.30"
"57170309","2","10","2014-04-04","1","2014-04-04 10:52:42","2013-09-16 22:51:33","1","Android","Mozilla/5.0 (Linux; U; Android 4.2.1; en-us; Nexus Build/JOP40D) AppleWebKit/534.30 (KHTML, like Gecko) Version/4.0 Mobile Safari/534.30"
"57170435","2","10","2014-04-04","1","2014-04-04 10:52:58","2013-09-16 22:51:34","1","Android","Mozilla/5.0 (Linux; U; Android 4.2.1; en-us; Nexus Build/JOP40D) AppleWebKit/534.30 (KHTML, like Gecko) Version/4.0 Mobile Safari/534.30"
"57170503","2","10","2014-04-04","1","2014-04-04 10:53:15","2013-09-16 22:51:34","1","Android","Mozilla/5.0 (Linux; U; Android 4.2.1; en-us; Nexus Build/JOP40D) AppleWebKit/534.30 (KHTML, like Gecko) Version/4.0 Mobile Safari/534.30"
"57170597","2","10","2014-04-04","1","2014-04-04 10:53:31","2013-09-16 22:51:34","1","Android","Mozilla/5.0 (Linux; U; Android 4.2.1; en-us; Nexus Build/JOP40D) AppleWebKit/534.30 (KHTML, like Gecko) Version/4.0 Mobile Safari/534.30"
"57170704","2","10","2014-04-04","1","2014-04-04 10:53:49","2013-09-16 22:51:35","1","Android","Mozilla/5.0 (Linux; U; Android 4.2.1; en-us; Nexus Build/JOP40D) AppleWebKit/534.30 (KHTML, like Gecko) Version/4.0 Mobile Safari/534.30"
"57170755","2","10","2014-04-04","1","2014-04-04 10:54:06","2013-09-16 22:51:35","1","Android","Mozilla/5.0 (Linux; U; Android 4.2.1; en-us; Nexus Build/JOP40D) AppleWebKit/534.30 (KHTML, like Gecko) Version/4.0 Mobile Safari/534.30"
"57170838","2","10","2014-04-04","1","2014-04-04 10:56:22","2013-09-16 23:40:54","1","Android","Mozilla/5.0 (Linux; U; Android 4.2.1; en-us; Nexus Build/JOP40D) AppleWebKit/534.30 (KHTML, like Gecko) Version/4.0 Mobile Safari/534.30"
"57170945","2","10","2014-04-04","1","2014-04-04 10:54:24","2013-09-16 22:51:35","1","Android","Mozilla/5.0 (Linux; U; Android 4.2.1; en-us; Nexus Build/JOP40D) AppleWebKit/534.30 (KHTML, like Gecko) Version/4.0 Mobile Safari/534.30"
"57172847","2","10","2014-04-04","1","2014-04-04 10:54:41","2013-09-16 22:51:35","1","Android","Mozilla/5.0 (Linux; U; Android 4.2.1; en-us; Nexus Build/JOP40D) AppleWebKit/534.30 (KHTML, like Gecko) Version/4.0 Mobile Safari/534.30"
"57172903","2","10","2014-04-04","1","2014-04-04 10:54:57","2013-09-16 22:51:36","1","Android","Mozilla/5.0 (Linux; U; Android 4.2.1; en-us; Nexus Build/JOP40D) AppleWebKit/534.30 (KHTML, like Gecko) Version/4.0 Mobile Safari/534.30"
"57173019","2","10","2014-04-04","1","2014-04-04 10:55:13","2013-09-16 23:40:52","1","Android","Mozilla/5.0 (Linux; U; Android 4.2.1; en-us; Nexus Build/JOP40D) AppleWebKit/534.30 (KHTML, like Gecko) Version/4.0 Mobile Safari/534.30"
"57173133","2","10","2014-04-04","1","2014-04-04 10:55:31","2013-09-16 23:40:52","1","Android","Mozilla/5.0 (Linux; U; Android 4.2.1; en-us; Nexus Build/JOP40D) AppleWebKit/534.30 (KHTML, like Gecko) Version/4.0 Mobile Safari/534.30"
"57173208","2","10","2014-04-04","1","2014-04-04 10:55:48","2013-09-16 23:40:53","1","Android","Mozilla/5.0 (Linux; U; Android 4.2.1; en-us; Nexus Build/JOP40D) AppleWebKit/534.30 (KHTML, like Gecko) Version/4.0 Mobile Safari/534.30"
"57173727","2","10","2014-04-04","1","2014-04-04 10:56:05","2013-09-16 23:40:53","1","Android","Mozilla/5.0 (Linux; U; Android 4.2.1; en-us; Nexus Build/JOP40D) AppleWebKit/534.30 (KHTML, like Gecko) Version/4.0 Mobile Safari/534.30"
"57177598","2","10","2014-04-04","1","2014-04-04 10:56:39","2013-09-16 23:40:54","1","Android","Mozilla/5.0 (Linux; U; Android 4.2.1; en-us; Nexus Build/JOP40D) AppleWebKit/534.30 (KHTML, like Gecko) Version/4.0 Mobile Safari/534.30"
"57177718","2","10","2014-04-04","1","2014-04-04 10:56:57","2013-09-16 23:40:54","1","Android","Mozilla/5.0 (Linux; U; Android 4.2.1; en-us; Nexus Build/JOP40D) AppleWebKit/534.30 (KHTML, like Gecko) Version/4.0 Mobile Safari/534.30"
"57177953","2","10","2014-04-04","1","2014-04-04 10:57:15","2013-09-16 23:40:54","1","Android","Mozilla/5.0 (Linux; U; Android 4.2.1; en-us; Nexus Build/JOP40D) AppleWebKit/534.30 (KHTML, like Gecko) Version/4.0 Mobile Safari/534.30"
"57178021","2","10","2014-04-04","1","2014-04-04 10:57:31","2013-09-16 23:40:54","1","Android","Mozilla/5.0 (Linux; U; Android 4.2.1; en-us; Nexus Build/JOP40D) AppleWebKit/534.30 (KHTML, like Gecko) Version/4.0 Mobile Safari/534.30"
"57178107","2","10","2014-04-04","1","2014-04-04 10:57:48","2013-09-16 23:40:55","1","Android","Mozilla/5.0 (Linux; U; Android 4.2.1; en-us; Nexus Build/JOP40D) AppleWebKit/534.30 (KHTML, like Gecko) Version/4.0 Mobile Safari/534.30"
"57178180","2","10","2014-04-04","1","2014-04-04 10:58:04","2013-09-16 23:46:36","1","Android","Mozilla/5.0 (Linux; U; Android 4.2.1; en-us; Nexus Build/JOP40D) AppleWebKit/534.30 (KHTML, like Gecko) Version/4.0 Mobile Safari/534.30"
"57178300","2","10","2014-04-04","1","2014-04-04 10:58:22","2013-09-16 23:46:36","1","Android","Mozilla/5.0 (Linux; U; Android 4.2.1; en-us; Nexus Build/JOP40D) AppleWebKit/534.30 (KHTML, like Gecko) Version/4.0 Mobile Safari/534.30"
"57178405","2","10","2014-04-04","1","2014-04-04 10:58:40","2013-09-16 23:46:37","1","Android","Mozilla/5.0 (Linux; U; Android 4.2.1; en-us; Nexus Build/JOP40D) AppleWebKit/534.30 (KHTML, like Gecko) Version/4.0 Mobile Safari/534.30"
"57198907","2","10","2014-04-04","1","2014-04-04 10:58:58","2013-09-16 23:46:37","1","Android","Mozilla/5.0 (Linux; U; Android 4.2.1; en-us; Nexus Build/JOP40D) AppleWebKit/534.30 (KHTML, like Gecko) Version/4.0 Mobile Safari/534.30"
"57199023","2","10","2014-04-04","1","2014-04-04 10:59:15","2013-09-16 23:46:37","1","Android","Mozilla/5.0 (Linux; U; Android 4.2.1; en-us; Nexus Build/JOP40D) AppleWebKit/534.30 (KHTML, like Gecko) Version/4.0 Mobile Safari/534.30"
"57199183","2","10","2014-04-04","1","2014-04-04 10:59:32","2013-09-16 23:46:37","1","Android","Mozilla/5.0 (Linux; U; Android 4.2.1; en-us; Nexus Build/JOP40D) AppleWebKit/534.30 (KHTML, like Gecko) Version/4.0 Mobile Safari/534.30"
"57199286","2","10","2014-04-04","1","2014-04-04 10:59:50","2013-09-16 23:46:38","1","Android","Mozilla/5.0 (Linux; U; Android 4.2.1; en-us; Nexus Build/JOP40D) AppleWebKit/534.30 (KHTML, like Gecko) Version/4.0 Mobile Safari/534.30"
"57200947","2","10","2014-04-04","1","2014-04-04 11:00:08","2013-09-16 23:46:38","1","Android","Mozilla/5.0 (Linux; U; Android 4.2.1; en-us; Nexus Build/JOP40D) AppleWebKit/534.30 (KHTML, like Gecko) Version/4.0 Mobile Safari/534.30"
"57201035","2","10","2014-04-04","1","2014-04-04 11:00:26","2013-09-16 23:46:38","1","Android","Mozilla/5.0 (Linux; U; Android 4.2.1; en-us; Nexus Build/JOP40D) AppleWebKit/534.30 (KHTML, like Gecko) Version/4.0 Mobile Safari/534.30"
"57201148","2","10","2014-04-04","1","2014-04-04 11:00:43","2013-09-16 23:46:39","1","Android","Mozilla/5.0 (Linux; U; Android 4.2.1; en-us; Nexus Build/JOP40D) AppleWebKit/534.30 (KHTML, like Gecko) Version/4.0 Mobile Safari/534.30"
"57201242","2","10","2014-04-04","1","2014-04-04 11:00:59","2013-09-16 23:51:00","1","Android","Mozilla/5.0 (Linux; U; Android 4.2.1; en-us; Nexus Build/JOP40D) AppleWebKit/534.30 (KHTML, like Gecko) Version/4.0 Mobile Safari/534.30"
"57208347","2","10","2014-04-04","1","2014-04-04 11:01:16","2013-09-16 23:51:00","1","Android","Mozilla/5.0 (Linux; U; Android 4.2.1; en-us; Nexus Build/JOP40D) AppleWebKit/534.30 (KHTML, like Gecko) Version/4.0 Mobile Safari/534.30"
"57208382","2","10","2014-04-04","1","2014-04-04 11:01:33","2013-09-16 23:51:00","1","Android","Mozilla/5.0 (Linux; U; Android 4.2.1; en-us; Nexus Build/JOP40D) AppleWebKit/534.30 (KHTML, like Gecko) Version/4.0 Mobile Safari/534.30"
"57208474","2","10","2014-04-04","1","2014-04-04 11:01:50","2013-09-16 23:51:01","1","Android","Mozilla/5.0 (Linux; U; Android 4.2.1; en-us; Nexus Build/JOP40D) AppleWebKit/534.30 (KHTML, like Gecko) Version/4.0 Mobile Safari/534.30"
"57208518","2","10","2014-04-04","1","2014-04-04 11:02:06","2013-09-16 23:51:01","1","Android","Mozilla/5.0 (Linux; U; Android 4.2.1; en-us; Nexus Build/JOP40D) AppleWebKit/534.30 (KHTML, like Gecko) Version/4.0 Mobile Safari/534.30"
"57208607","2","10","2014-04-04","1","2014-04-04 11:02:23","2013-09-16 23:51:01","1","Android","Mozilla/5.0 (Linux; U; Android 4.2.1; en-us; Nexus Build/JOP40D) AppleWebKit/534.30 (KHTML, like Gecko) Version/4.0 Mobile Safari/534.30"
"57208665","2","10","2014-04-04","1","2014-04-04 11:02:39","2013-09-16 23:51:01","1","Android","Mozilla/5.0 (Linux; U; Android 4.2.1; en-us; Nexus Build/JOP40D) AppleWebKit/534.30 (KHTML, like Gecko) Version/4.0 Mobile Safari/534.30"
"57208728","2","10","2014-04-04","1","2014-04-04 11:02:55","2013-09-16 23:51:02","1","Android","Mozilla/5.0 (Linux; U; Android 4.2.1; en-us; Nexus Build/JOP40D) AppleWebKit/534.30 (KHTML, like Gecko) Version/4.0 Mobile Safari/534.30"
"57208788","2","10","2014-04-04","1","2014-04-04 11:03:11","2013-09-16 23:51:02","1","Android","Mozilla/5.0 (Linux; U; Android 4.2.1; en-us; Nexus Build/JOP40D) AppleWebKit/534.30 (KHTML, like Gecko) Version/4.0 Mobile Safari/534.30"
"57209542","2","10","2014-04-04","1","2014-04-04 11:03:29","2013-09-16 23:51:02","1","Android","Mozilla/5.0 (Linux; U; Android 4.2.1; en-us; Nexus Build/JOP40D) AppleWebKit/534.30 (KHTML, like Gecko) Version/4.0 Mobile Safari/534.30"
"57209716","2","10","2014-04-04","1","2014-04-04 11:03:46","2013-09-16 23:54:58","1","Android","Mozilla/5.0 (Linux; U; Android 4.2.1; en-us; Nexus Build/JOP40D) AppleWebKit/534.30 (KHTML, like Gecko) Version/4.0 Mobile Safari/534.30"
"57209797","2","10","2014-04-04","1","2014-04-04 11:04:03","2013-09-16 23:54:58","1","Android","Mozilla/5.0 (Linux; U; Android 4.2.1; en-us; Nexus Build/JOP40D) AppleWebKit/534.30 (KHTML, like Gecko) Version/4.0 Mobile Safari/534.30"
"57209852","2","10","2014-04-04","1","2014-04-04 11:04:20","2013-09-16 23:54:58","1","Android","Mozilla/5.0 (Linux; U; Android 4.2.1; en-us; Nexus Build/JOP40D) AppleWebKit/534.30 (KHTML, like Gecko) Version/4.0 Mobile Safari/534.30"
"57211915","2","10","2014-04-04","1","2014-04-04 11:04:38","2013-09-16 23:54:59","1","Android","Mozilla/5.0 (Linux; U; Android 4.2.1; en-us; Nexus Build/JOP40D) AppleWebKit/534.30 (KHTML, like Gecko) Version/4.0 Mobile Safari/534.30"
"57211979","2","10","2014-04-04","1","2014-04-04 11:04:56","2013-09-16 23:54:59","1","Android","Mozilla/5.0 (Linux; U; Android 4.2.1; en-us; Nexus Build/JOP40D) AppleWebKit/534.30 (KHTML, like Gecko) Version/4.0 Mobile Safari/534.30"
"57218364","2","10","2014-04-04","1","2014-04-04 11:05:13","2013-09-16 23:54:59","1","Android","Mozilla/5.0 (Linux; U; Android 4.2.1; en-us; Nexus Build/JOP40D) AppleWebKit/534.30 (KHTML, like Gecko) Version/4.0 Mobile Safari/534.30"
"57218600","2","10","2014-04-04","1","2014-04-04 11:05:32","2013-09-16 23:54:59","1","Android","Mozilla/5.0 (Linux; U; Android 4.2.1; en-us; Nexus Build/JOP40D) AppleWebKit/534.30 (KHTML, like Gecko) Version/4.0 Mobile Safari/534.30"
"57219017","2","10","2014-04-04","1","2014-04-04 11:05:49","2013-09-16 23:55:00","1","Android","Mozilla/5.0 (Linux; U; Android 4.2.1; en-us; Nexus Build/JOP40D) AppleWebKit/534.30 (KHTML, like Gecko) Version/4.0 Mobile Safari/534.30"
"57219101","2","10","2014-04-04","1","2014-04-04 11:06:08","2013-09-16 23:55:00","1","Android","Mozilla/5.0 (Linux; U; Android 4.2.1; en-us; Nexus Build/JOP40D) AppleWebKit/534.30 (KHTML, like Gecko) Version/4.0 Mobile Safari/534.30"
"57219377","2","10","2014-04-04","1","2014-04-04 11:06:28","2013-09-16 23:55:00","1","Android","Mozilla/5.0 (Linux; U; Android 4.2.1; en-us; Nexus Build/JOP40D) AppleWebKit/534.30 (KHTML, like Gecko) Version/4.0 Mobile Safari/534.30"
"57219489","2","10","2014-04-04","1","2014-04-04 11:06:46","2013-09-16 23:58:27","1","Android","Mozilla/5.0 (Linux; U; Android 4.2.1; en-us; Nexus Build/JOP40D) AppleWebKit/534.30 (KHTML, like Gecko) Version/4.0 Mobile Safari/534.30"
"57219897","2","10","2014-04-04","1","2014-04-04 11:07:04","2013-09-16 23:58:27","1","Android","Mozilla/5.0 (Linux; U; Android 4.2.1; en-us; Nexus Build/JOP40D) AppleWebKit/534.30 (KHTML, like Gecko) Version/4.0 Mobile Safari/534.30"
"57220005","2","10","2014-04-04","1","2014-04-04 11:07:22","2013-09-16 23:58:27","1","Android","Mozilla/5.0 (Linux; U; Android 4.2.1; en-us; Nexus Build/JOP40D) AppleWebKit/534.30 (KHTML, like Gecko) Version/4.0 Mobile Safari/534.30"
"57220106","2","10","2014-04-04","1","2014-04-04 11:07:41","2013-09-16 23:58:27","1","Android","Mozilla/5.0 (Linux; U; Android 4.2.1; en-us; Nexus Build/JOP40D) AppleWebKit/534.30 (KHTML, like Gecko) Version/4.0 Mobile Safari/534.30"
"57220227","2","10","2014-04-04","1","2014-04-04 11:07:58","2013-09-16 23:58:28","1","Android","Mozilla/5.0 (Linux; U; Android 4.2.1; en-us; Nexus Build/JOP40D) AppleWebKit/534.30 (KHTML, like Gecko) Version/4.0 Mobile Safari/534.30"
"57220352","2","10","2014-04-04","1","2014-04-04 11:08:16","2013-09-16 23:58:28","1","Android","Mozilla/5.0 (Linux; U; Android 4.2.1; en-us; Nexus Build/JOP40D) AppleWebKit/534.30 (KHTML, like Gecko) Version/4.0 Mobile Safari/534.30"
"57220589","2","10","2014-04-04","1","2014-04-04 11:08:34","2013-09-16 23:58:28","1","Android","Mozilla/5.0 (Linux; U; Android 4.2.1; en-us; Nexus Build/JOP40D) AppleWebKit/534.30 (KHTML, like Gecko) Version/4.0 Mobile Safari/534.30"
"57220682","2","10","2014-04-04","1","2014-04-04 11:08:52","2013-09-16 23:58:29","1","Android","Mozilla/5.0 (Linux; U; Android 4.2.1; en-us; Nexus Build/JOP40D) AppleWebKit/534.30 (KHTML, like Gecko) Version/4.0 Mobile Safari/534.30"
"57220785","2","10","2014-04-04","1","2014-04-04 11:09:10","2013-09-16 23:58:29","1","Android","Mozilla/5.0 (Linux; U; Android 4.2.1; en-us; Nexus Build/JOP40D) AppleWebKit/534.30 (KHTML, like Gecko) Version/4.0 Mobile Safari/534.30"
"57220981","2","10","2014-04-04","1","2014-04-04 11:09:29","2013-09-16 23:58:29","1","Android","Mozilla/5.0 (Linux; U; Android 4.2.1; en-us; Nexus Build/JOP40D) AppleWebKit/534.30 (KHTML, like Gecko) Version/4.0 Mobile Safari/534.30"
"57221128","2","10","2014-04-04","1","2014-04-04 11:09:46","2013-09-17 00:01:56","1","Android","Mozilla/5.0 (Linux; U; Android 4.2.1; en-us; Nexus Build/JOP40D) AppleWebKit/534.30 (KHTML, like Gecko) Version/4.0 Mobile Safari/534.30"
"57221250","2","10","2014-04-04","1","2014-04-04 11:10:04","2013-09-17 00:01:56","1","Android","Mozilla/5.0 (Linux; U; Android 4.2.1; en-us; Nexus Build/JOP40D) AppleWebKit/534.30 (KHTML, like Gecko) Version/4.0 Mobile Safari/534.30"
"57221342","2","10","2014-04-04","1","2014-04-04 11:10:22","2013-09-17 00:01:56","1","Android","Mozilla/5.0 (Linux; U; Android 4.2.1; en-us; Nexus Build/JOP40D) AppleWebKit/534.30 (KHTML, like Gecko) Version/4.0 Mobile Safari/534.30"
"57221425","2","10","2014-04-04","1","2014-04-04 11:10:41","2013-09-17 00:01:57","1","Android","Mozilla/5.0 (Linux; U; Android 4.2.1; en-us; Nexus Build/JOP40D) AppleWebKit/534.30 (KHTML, like Gecko) Version/4.0 Mobile Safari/534.30"
"57221510","2","10","2014-04-04","1","2014-04-04 11:10:59","2013-09-17 00:01:57","1","Android","Mozilla/5.0 (Linux; U; Android 4.2.1; en-us; Nexus Build/JOP40D) AppleWebKit/534.30 (KHTML, like Gecko) Version/4.0 Mobile Safari/534.30"
"57221603","2","10","2014-04-04","1","2014-04-04 11:11:16","2013-09-17 00:01:57","1","Android","Mozilla/5.0 (Linux; U; Android 4.2.1; en-us; Nexus Build/JOP40D) AppleWebKit/534.30 (KHTML, like Gecko) Version/4.0 Mobile Safari/534.30"
"57221681","2","10","2014-04-04","1","2014-04-04 11:11:33","2013-09-17 00:01:58","1","Android","Mozilla/5.0 (Linux; U; Android 4.2.1; en-us; Nexus Build/JOP40D) AppleWebKit/534.30 (KHTML, like Gecko) Version/4.0 Mobile Safari/534.30"
"57221792","2","10","2014-04-04","1","2014-04-04 11:11:51","2013-09-17 00:01:58","1","Android","Mozilla/5.0 (Linux; U; Android 4.2.1; en-us; Nexus Build/JOP40D) AppleWebKit/534.30 (KHTML, like Gecko) Version/4.0 Mobile Safari/534.30"
"57222167","2","10","2014-04-04","1","2014-04-04 11:12:10","2013-09-17 00:01:58","1","Android","Mozilla/5.0 (Linux; U; Android 4.2.1; en-us; Nexus Build/JOP40D) AppleWebKit/534.30 (KHTML, like Gecko) Version/4.0 Mobile Safari/534.30"
"57222238","2","10","2014-04-04","1","2014-04-04 11:12:27","2013-09-17 00:01:58","1","Android","Mozilla/5.0 (Linux; U; Android 4.2.1; en-us; Nexus Build/JOP40D) AppleWebKit/534.30 (KHTML, like Gecko) Version/4.0 Mobile Safari/534.30"
"57222308","2","10","2014-04-04","1","2014-04-04 11:12:45","2013-09-17 00:05:25","1","Android","Mozilla/5.0 (Linux; U; Android 4.2.1; en-us; Nexus Build/JOP40D) AppleWebKit/534.30 (KHTML, like Gecko) Version/4.0 Mobile Safari/534.30"
"57222426","2","10","2014-04-04","1","2014-04-04 11:13:02","2013-09-17 00:05:25","1","Android","Mozilla/5.0 (Linux; U; Android 4.2.1; en-us; Nexus Build/JOP40D) AppleWebKit/534.30 (KHTML, like Gecko) Version/4.0 Mobile Safari/534.30"
"57222505","2","10","2014-04-04","1","2014-04-04 11:13:20","2013-09-17 00:05:25","1","Android","Mozilla/5.0 (Linux; U; Android 4.2.1; en-us; Nexus Build/JOP40D) AppleWebKit/534.30 (KHTML, like Gecko) Version/4.0 Mobile Safari/534.30"
"57222580","2","10","2014-04-04","1","2014-04-04 11:13:37","2013-09-17 00:05:26","1","Android","Mozilla/5.0 (Linux; U; Android 4.2.1; en-us; Nexus Build/JOP40D) AppleWebKit/534.30 (KHTML, like Gecko) Version/4.0 Mobile Safari/534.30"
"57222680","2","10","2014-04-04","1","2014-04-04 11:13:55","2013-09-17 00:05:26","1","Android","Mozilla/5.0 (Linux; U; Android 4.2.1; en-us; Nexus Build/JOP40D) AppleWebKit/534.30 (KHTML, like Gecko) Version/4.0 Mobile Safari/534.30"
"57222779","2","10","2014-04-04","1","2014-04-04 11:14:12","2013-09-17 00:05:26","1","Android","Mozilla/5.0 (Linux; U; Android 4.2.1; en-us; Nexus Build/JOP40D) AppleWebKit/534.30 (KHTML, like Gecko) Version/4.0 Mobile Safari/534.30"
"57222872","2","10","2014-04-04","1","2014-04-04 11:14:30","2013-09-17 00:05:27","1","Android","Mozilla/5.0 (Linux; U; Android 4.2.1; en-us; Nexus Build/JOP40D) AppleWebKit/534.30 (KHTML, like Gecko) Version/4.0 Mobile Safari/534.30"
"57222972","2","10","2014-04-04","1","2014-04-04 11:14:48","2013-09-17 00:05:27","1","Android","Mozilla/5.0 (Linux; U; Android 4.2.1; en-us; Nexus Build/JOP40D) AppleWebKit/534.30 (KHTML, like Gecko) Version/4.0 Mobile Safari/534.30"
"57223071","2","10","2014-04-04","1","2014-04-04 11:15:05","2013-09-17 00:05:27","1","Android","Mozilla/5.0 (Linux; U; Android 4.2.1; en-us; Nexus Build/JOP40D) AppleWebKit/534.30 (KHTML, like Gecko) Version/4.0 Mobile Safari/534.30"
"57223180","2","10","2014-04-04","1","2014-04-04 11:15:24","2013-09-17 00:05:27","1","Android","Mozilla/5.0 (Linux; U; Android 4.2.1; en-us; Nexus Build/JOP40D) AppleWebKit/534.30 (KHTML, like Gecko) Version/4.0 Mobile Safari/534.30"
"57223317","2","10","2014-04-04","1","2014-04-04 11:15:41","2013-09-17 00:08:54","1","Android","Mozilla/5.0 (Linux; U; Android 4.2.1; en-us; Nexus Build/JOP40D) AppleWebKit/534.30 (KHTML, like Gecko) Version/4.0 Mobile Safari/534.30"
"57223405","2","10","2014-04-04","1","2014-04-04 11:15:59","2013-09-17 00:08:54","1","Android","Mozilla/5.0 (Linux; U; Android 4.2.1; en-us; Nexus Build/JOP40D) AppleWebKit/534.30 (KHTML, like Gecko) Version/4.0 Mobile Safari/534.30"
"57227003","2","10","2014-04-04","1","2014-04-04 11:16:16","2013-09-17 00:08:54","1","Android","Mozilla/5.0 (Linux; U; Android 4.2.1; en-us; Nexus Build/JOP40D) AppleWebKit/534.30 (KHTML, like Gecko) Version/4.0 Mobile Safari/534.30"
"57290295","2","10","2014-04-04","1","2014-04-04 11:16:33","2013-09-17 00:08:55","1","Android","Mozilla/5.0 (Linux; U; Android 4.2.1; en-us; Nexus Build/JOP40D) AppleWebKit/534.30 (KHTML, like Gecko) Version/4.0 Mobile Safari/534.30"
"57305427","2","10","2014-04-04","1","2014-04-04 11:16:50","2013-09-17 00:08:55","1","Android","Mozilla/5.0 (Linux; U; Android 4.2.1; en-us; Nexus Build/JOP40D) AppleWebKit/534.30 (KHTML, like Gecko) Version/4.0 Mobile Safari/534.30"
"57306184","2","10","2014-04-04","1","2014-04-04 11:17:07","2013-09-17 00:08:55","1","Android","Mozilla/5.0 (Linux; U; Android 4.2.1; en-us; Nexus Build/JOP40D) AppleWebKit/534.30 (KHTML, like Gecko) Version/4.0 Mobile Safari/534.30"
"57306599","2","10","2014-04-04","1","2014-04-04 11:17:24","2013-09-17 00:08:56","1","Android","Mozilla/5.0 (Linux; U; Android 4.2.1; en-us; Nexus Build/JOP40D) AppleWebKit/534.30 (KHTML, like Gecko) Version/4.0 Mobile Safari/534.30"
"57306777","2","10","2014-04-04","1","2014-04-04 11:17:41","2013-09-17 00:08:56","1","Android","Mozilla/5.0 (Linux; U; Android 4.2.1; en-us; Nexus Build/JOP40D) AppleWebKit/534.30 (KHTML, like Gecko) Version/4.0 Mobile Safari/534.30"
"57307209","2","10","2014-04-04","1","2014-04-04 11:17:59","2013-09-17 00:08:56","1","Android","Mozilla/5.0 (Linux; U; Android 4.2.1; en-us; Nexus Build/JOP40D) AppleWebKit/534.30 (KHTML, like Gecko) Version/4.0 Mobile Safari/534.30"
"57307339","2","10","2014-04-04","1","2014-04-04 11:18:17","2013-09-17 00:08:56","1","Android","Mozilla/5.0 (Linux; U; Android 4.2.1; en-us; Nexus Build/JOP40D) AppleWebKit/534.30 (KHTML, like Gecko) Version/4.0 Mobile Safari/534.30"
"57307783","2","10","2014-04-04","1","2014-04-04 11:18:34","2013-09-17 00:12:23","1","Android","Mozilla/5.0 (Linux; U; Android 4.2.1; en-us; Nexus Build/JOP40D) AppleWebKit/534.30 (KHTML, like Gecko) Version/4.0 Mobile Safari/534.30"
"57307887","2","10","2014-04-04","1","2014-04-04 11:18:54","2013-09-17 00:12:23","1","Android","Mozilla/5.0 (Linux; U; Android 4.2.1; en-us; Nexus Build/JOP40D) AppleWebKit/534.30 (KHTML, like Gecko) Version/4.0 Mobile Safari/534.30"
"57308049","2","10","2014-04-04","1","2014-04-04 11:19:11","2013-09-17 00:12:24","1","Android","Mozilla/5.0 (Linux; U; Android 4.2.1; en-us; Nexus Build/JOP40D) AppleWebKit/534.30 (KHTML, like Gecko) Version/4.0 Mobile Safari/534.30"
"57308154","2","10","2014-04-04","1","2014-04-04 11:19:29","2013-09-17 00:12:24","1","Android","Mozilla/5.0 (Linux; U; Android 4.2.1; en-us; Nexus Build/JOP40D) AppleWebKit/534.30 (KHTML, like Gecko) Version/4.0 Mobile Safari/534.30"
"57340145","2","10","2014-04-04","1","2014-04-04 11:19:47","2013-09-17 00:12:24","1","Android","Mozilla/5.0 (Linux; U; Android 4.2.1; en-us; Nexus Build/JOP40D) AppleWebKit/534.30 (KHTML, like Gecko) Version/4.0 Mobile Safari/534.30"
"57340451","2","10","2014-04-04","1","2014-04-04 11:20:04","2013-09-17 00:12:24","1","Android","Mozilla/5.0 (Linux; U; Android 4.2.1; en-us; Nexus Build/JOP40D) AppleWebKit/534.30 (KHTML, like Gecko) Version/4.0 Mobile Safari/534.30"
"57340697","2","10","2014-04-04","1","2014-04-04 11:20:22","2013-09-17 00:12:25","1","Android","Mozilla/5.0 (Linux; U; Android 4.2.1; en-us; Nexus Build/JOP40D) AppleWebKit/534.30 (KHTML, like Gecko) Version/4.0 Mobile Safari/534.30"
"57341080","2","10","2014-04-04","1","2014-04-04 11:20:40","2013-09-17 00:12:25","1","Android","Mozilla/5.0 (Linux; U; Android 4.2.1; en-us; Nexus Build/JOP40D) AppleWebKit/534.30 (KHTML, like Gecko) Version/4.0 Mobile Safari/534.30"
"57341244","2","10","2014-04-04","1","2014-04-04 11:20:59","2013-09-17 00:12:25","1","Android","Mozilla/5.0 (Linux; U; Android 4.2.1; en-us; Nexus Build/JOP40D) AppleWebKit/534.30 (KHTML, like Gecko) Version/4.0 Mobile Safari/534.30"
"57341405","2","10","2014-04-04","1","2014-04-04 11:21:18","2013-09-17 00:12:26","1","Android","Mozilla/5.0 (Linux; U; Android 4.2.1; en-us; Nexus Build/JOP40D) AppleWebKit/534.30 (KHTML, like Gecko) Version/4.0 Mobile Safari/534.30"
"57341581","2","10","2014-04-04","1","2014-04-04 11:21:36","2013-09-17 00:15:52","1","Android","Mozilla/5.0 (Linux; U; Android 4.2.1; en-us; Nexus Build/JOP40D) AppleWebKit/534.30 (KHTML, like Gecko) Version/4.0 Mobile Safari/534.30"
"57342133","2","10","2014-04-04","1","2014-04-04 11:21:55","2013-09-17 00:15:53","1","Android","Mozilla/5.0 (Linux; U; Android 4.2.1; en-us; Nexus Build/JOP40D) AppleWebKit/534.30 (KHTML, like Gecko) Version/4.0 Mobile Safari/534.30"
"57342325","2","10","2014-04-04","1","2014-04-04 11:22:13","2013-09-17 00:15:53","1","Android","Mozilla/5.0 (Linux; U; Android 4.2.1; en-us; Nexus Build/JOP40D) AppleWebKit/534.30 (KHTML, like Gecko) Version/4.0 Mobile Safari/534.30"
"57342481","2","10","2014-04-04","1","2014-04-04 11:22:29","2013-09-17 00:15:53","1","Android","Mozilla/5.0 (Linux; U; Android 4.2.1; en-us; Nexus Build/JOP40D) AppleWebKit/534.30 (KHTML, like Gecko) Version/4.0 Mobile Safari/534.30"
"57342966","2","10","2014-04-04","1","2014-04-04 11:22:47","2013-09-17 00:15:53","1","Android","Mozilla/5.0 (Linux; U; Android 4.2.1; en-us; Nexus Build/JOP40D) AppleWebKit/534.30 (KHTML, like Gecko) Version/4.0 Mobile Safari/534.30"
"57343152","2","10","2014-04-04","1","2014-04-04 11:23:05","2013-09-17 00:15:54","1","Android","Mozilla/5.0 (Linux; U; Android 4.2.1; en-us; Nexus Build/JOP40D) AppleWebKit/534.30 (KHTML, like Gecko) Version/4.0 Mobile Safari/534.30"
"57343342","2","10","2014-04-04","1","2014-04-04 11:23:23","2013-09-17 00:15:54","1","Android","Mozilla/5.0 (Linux; U; Android 4.2.1; en-us; Nexus Build/JOP40D) AppleWebKit/534.30 (KHTML, like Gecko) Version/4.0 Mobile Safari/534.30"
"57343465","2","10","2014-04-04","1","2014-04-04 11:23:41","2013-09-17 00:15:54","1","Android","Mozilla/5.0 (Linux; U; Android 4.2.1; en-us; Nexus Build/JOP40D) AppleWebKit/534.30 (KHTML, like Gecko) Version/4.0 Mobile Safari/534.30"
"57343549","2","10","2014-04-04","1","2014-04-04 11:23:59","2013-09-17 00:15:55","1","Android","Mozilla/5.0 (Linux; U; Android 4.2.1; en-us; Nexus Build/JOP40D) AppleWebKit/534.30 (KHTML, like Gecko) Version/4.0 Mobile Safari/534.30"
"57343651","2","10","2014-04-04","1","2014-04-04 11:24:16","2013-09-17 00:15:55","1","Android","Mozilla/5.0 (Linux; U; Android 4.2.1; en-us; Nexus Build/JOP40D) AppleWebKit/534.30 (KHTML, like Gecko) Version/4.0 Mobile Safari/534.30"
"57343756","2","10","2014-04-04","1","2014-04-04 11:24:35","2013-09-17 00:19:22","1","Android","Mozilla/5.0 (Linux; U; Android 4.2.1; en-us; Nexus Build/JOP40D) AppleWebKit/534.30 (KHTML, like Gecko) Version/4.0 Mobile Safari/534.30"
"57343848","2","10","2014-04-04","1","2014-04-04 11:24:53","2013-09-17 00:19:22","1","Android","Mozilla/5.0 (Linux; U; Android 4.2.1; en-us; Nexus Build/JOP40D) AppleWebKit/534.30 (KHTML, like Gecko) Version/4.0 Mobile Safari/534.30"
"57343931","2","10","2014-04-04","1","2014-04-04 11:25:11","2013-09-17 00:19:22","1","Android","Mozilla/5.0 (Linux; U; Android 4.2.1; en-us; Nexus Build/JOP40D) AppleWebKit/534.30 (KHTML, like Gecko) Version/4.0 Mobile Safari/534.30"
"57344024","2","10","2014-04-04","1","2014-04-04 11:25:30","2013-09-17 00:19:23","1","Android","Mozilla/5.0 (Linux; U; Android 4.2.1; en-us; Nexus Build/JOP40D) AppleWebKit/534.30 (KHTML, like Gecko) Version/4.0 Mobile Safari/534.30"
"57344090","2","10","2014-04-04","1","2014-04-04 11:25:48","2013-09-17 00:19:23","1","Android","Mozilla/5.0 (Linux; U; Android 4.2.1; en-us; Nexus Build/JOP40D) AppleWebKit/534.30 (KHTML, like Gecko) Version/4.0 Mobile Safari/534.30"
"57344205","2","10","2014-04-04","1","2014-04-04 11:26:07","2013-09-17 00:19:23","1","Android","Mozilla/5.0 (Linux; U; Android 4.2.1; en-us; Nexus Build/JOP40D) AppleWebKit/534.30 (KHTML, like Gecko) Version/4.0 Mobile Safari/534.30"
"57344269","2","10","2014-04-04","1","2014-04-04 11:26:24","2013-09-17 00:19:23","1","Android","Mozilla/5.0 (Linux; U; Android 4.2.1; en-us; Nexus Build/JOP40D) AppleWebKit/534.30 (KHTML, like Gecko) Version/4.0 Mobile Safari/534.30"
"57344380","2","10","2014-04-04","1","2014-04-04 11:26:42","2013-09-17 00:19:24","1","Android","Mozilla/5.0 (Linux; U; Android 4.2.1; en-us; Nexus Build/JOP40D) AppleWebKit/534.30 (KHTML, like Gecko) Version/4.0 Mobile Safari/534.30"
"57344474","2","10","2014-04-04","1","2014-04-04 11:27:01","2013-09-17 00:19:24","1","Android","Mozilla/5.0 (Linux; U; Android 4.2.1; en-us; Nexus Build/JOP40D) AppleWebKit/534.30 (KHTML, like Gecko) Version/4.0 Mobile Safari/534.30"
"57386113","2","10","2014-04-04","1","2014-04-04 11:27:17","2013-09-17 00:19:24","1","Android","Mozilla/5.0 (Linux; U; Android 4.2.1; en-us; Nexus Build/JOP40D) AppleWebKit/534.30 (KHTML, like Gecko) Version/4.0 Mobile Safari/534.30"
"57386259","2","10","2014-04-04","1","2014-04-04 11:27:34","2013-09-17 00:22:50","1","Android","Mozilla/5.0 (Linux; U; Android 4.2.1; en-us; Nexus Build/JOP40D) AppleWebKit/534.30 (KHTML, like Gecko) Version/4.0 Mobile Safari/534.30"
"57393720","2","10","2014-04-04","1","2014-04-04 11:27:52","2013-09-17 00:22:51","1","Android","Mozilla/5.0 (Linux; U; Android 4.2.1; en-us; Nexus Build/JOP40D) AppleWebKit/534.30 (KHTML, like Gecko) Version/4.0 Mobile Safari/534.30"
"57393839","2","10","2014-04-04","1","2014-04-04 11:28:10","2013-09-17 00:22:51","1","Android","Mozilla/5.0 (Linux; U; Android 4.2.1; en-us; Nexus Build/JOP40D) AppleWebKit/534.30 (KHTML, like Gecko) Version/4.0 Mobile Safari/534.30"
"57401335","2","10","2014-04-04","1","2014-04-04 11:28:28","2013-09-17 00:22:51","1","Android","Mozilla/5.0 (Linux; U; Android 4.2.1; en-us; Nexus Build/JOP40D) AppleWebKit/534.30 (KHTML, like Gecko) Version/4.0 Mobile Safari/534.30"
"57401466","2","10","2014-04-04","1","2014-04-04 11:28:45","2013-09-17 00:22:51","1","Android","Mozilla/5.0 (Linux; U; Android 4.2.1; en-us; Nexus Build/JOP40D) AppleWebKit/534.30 (KHTML, like Gecko) Version/4.0 Mobile Safari/534.30"
"57401496","2","10","2014-04-04","1","2014-04-04 11:29:04","2013-09-17 00:22:52","1","Android","Mozilla/5.0 (Linux; U; Android 4.2.1; en-us; Nexus Build/JOP40D) AppleWebKit/534.30 (KHTML, like Gecko) Version/4.0 Mobile Safari/534.30"
"57401524","2","10","2014-04-04","1","2014-04-04 11:29:21","2013-09-17 00:22:52","1","Android","Mozilla/5.0 (Linux; U; Android 4.2.1; en-us; Nexus Build/JOP40D) AppleWebKit/534.30 (KHTML, like Gecko) Version/4.0 Mobile Safari/534.30"
"57401556","2","10","2014-04-04","1","2014-04-04 11:34:54","2013-09-17 00:29:50","1","Android","Mozilla/5.0 (Linux; U; Android 4.2.1; en-us; Nexus Build/JOP40D) AppleWebKit/534.30 (KHTML, like Gecko) Version/4.0 Mobile Safari/534.30"
"57401910","2","10","2014-04-04","1","2014-04-04 11:35:11","2013-09-17 00:29:50","1","Android","Mozilla/5.0 (Linux; U; Android 4.2.1; en-us; Nexus Build/JOP40D) AppleWebKit/534.30 (KHTML, like Gecko) Version/4.0 Mobile Safari/534.30"
"57402027","2","10","2014-04-04","1","2014-04-04 11:35:28","2013-09-17 00:29:51","1","Android","Mozilla/5.0 (Linux; U; Android 4.2.1; en-us; Nexus Build/JOP40D) AppleWebKit/534.30 (KHTML, like Gecko) Version/4.0 Mobile Safari/534.30"
"57402105","2","10","2014-04-04","1","2014-04-04 11:35:46","2013-09-17 00:29:51","1","Android","Mozilla/5.0 (Linux; U; Android 4.2.1; en-us; Nexus Build/JOP40D) AppleWebKit/534.30 (KHTML, like Gecko) Version/4.0 Mobile Safari/534.30"
"57402240","2","10","2014-04-04","1","2014-04-04 11:36:03","2013-09-17 00:29:51","1","Android","Mozilla/5.0 (Linux; U; Android 4.2.1; en-us; Nexus Build/JOP40D) AppleWebKit/534.30 (KHTML, like Gecko) Version/4.0 Mobile Safari/534.30"
"57402273","2","10","2014-04-04","1","2014-04-04 11:36:20","2013-09-17 00:33:18","1","Android","Mozilla/5.0 (Linux; U; Android 4.2.1; en-us; Nexus Build/JOP40D) AppleWebKit/534.30 (KHTML, like Gecko) Version/4.0 Mobile Safari/534.30"
"57402316","2","10","2014-04-04","1","2014-04-04 11:36:37","2013-09-17 00:33:18","1","Android","Mozilla/5.0 (Linux; U; Android 4.2.1; en-us; Nexus Build/JOP40D) AppleWebKit/534.30 (KHTML, like Gecko) Version/4.0 Mobile Safari/534.30"
"57402362","2","10","2014-04-04","1","2014-04-04 11:36:54","2013-09-17 00:33:18","1","Android","Mozilla/5.0 (Linux; U; Android 4.2.1; en-us; Nexus Build/JOP40D) AppleWebKit/534.30 (KHTML, like Gecko) Version/4.0 Mobile Safari/534.30"
"57402409","2","10","2014-04-04","1","2014-04-04 11:29:39","2013-09-17 00:22:52","1","Android","Mozilla/5.0 (Linux; U; Android 4.2.1; en-us; Nexus Build/JOP40D) AppleWebKit/534.30 (KHTML, like Gecko) Version/4.0 Mobile Safari/534.30"
"57402474","2","10","2014-04-04","1","2014-04-04 11:29:56","2013-09-17 00:22:53","1","Android","Mozilla/5.0 (Linux; U; Android 4.2.1; en-us; Nexus Build/JOP40D) AppleWebKit/534.30 (KHTML, like Gecko) Version/4.0 Mobile Safari/534.30"
"57404437","2","10","2014-04-04","1","2014-04-04 11:30:15","2013-09-17 00:22:53","1","Android","Mozilla/5.0 (Linux; U; Android 4.2.1; en-us; Nexus Build/JOP40D) AppleWebKit/534.30 (KHTML, like Gecko) Version/4.0 Mobile Safari/534.30"
"57404489","2","10","2014-04-04","1","2014-04-04 11:30:34","2013-09-17 00:26:20","1","Android","Mozilla/5.0 (Linux; U; Android 4.2.1; en-us; Nexus Build/JOP40D) AppleWebKit/534.30 (KHTML, like Gecko) Version/4.0 Mobile Safari/534.30"
"57404561","2","10","2014-04-04","1","2014-04-04 11:30:53","2013-09-17 00:26:20","1","Android","Mozilla/5.0 (Linux; U; Android 4.2.1; en-us; Nexus Build/JOP40D) AppleWebKit/534.30 (KHTML, like Gecko) Version/4.0 Mobile Safari/534.30"
"57404731","2","10","2014-04-04","1","2014-04-04 11:31:11","2013-09-17 00:26:21","1","Android","Mozilla/5.0 (Linux; U; Android 4.2.1; en-us; Nexus Build/JOP40D) AppleWebKit/534.30 (KHTML, like Gecko) Version/4.0 Mobile Safari/534.30"
"57404848","2","10","2014-04-04","1","2014-04-04 11:31:30","2013-09-17 00:26:21","1","Android","Mozilla/5.0 (Linux; U; Android 4.2.1; en-us; Nexus Build/JOP40D) AppleWebKit/534.30 (KHTML, like Gecko) Version/4.0 Mobile Safari/534.30"
"57404957","2","10","2014-04-04","1","2014-04-04 11:31:48","2013-09-17 00:26:21","1","Android","Mozilla/5.0 (Linux; U; Android 4.2.1; en-us; Nexus Build/JOP40D) AppleWebKit/534.30 (KHTML, like Gecko) Version/4.0 Mobile Safari/534.30"
"57405097","2","10","2014-04-04","1","2014-04-04 11:32:06","2013-09-17 00:26:21","1","Android","Mozilla/5.0 (Linux; U; Android 4.2.1; en-us; Nexus Build/JOP40D) AppleWebKit/534.30 (KHTML, like Gecko) Version/4.0 Mobile Safari/534.30"
"57405171","2","10","2014-04-04","1","2014-04-04 11:32:23","2013-09-17 00:26:22","1","Android","Mozilla/5.0 (Linux; U; Android 4.2.1; en-us; Nexus Build/JOP40D) AppleWebKit/534.30 (KHTML, like Gecko) Version/4.0 Mobile Safari/534.30"
"57405574","2","10","2014-04-04","1","2014-04-04 11:32:40","2013-09-17 00:26:22","1","Android","Mozilla/5.0 (Linux; U; Android 4.2.1; en-us; Nexus Build/JOP40D) AppleWebKit/534.30 (KHTML, like Gecko) Version/4.0 Mobile Safari/534.30"
"57405641","2","10","2014-04-04","1","2014-04-04 11:32:58","2013-09-17 00:26:22","1","Android","Mozilla/5.0 (Linux; U; Android 4.2.1; en-us; Nexus Build/JOP40D) AppleWebKit/534.30 (KHTML, like Gecko) Version/4.0 Mobile Safari/534.30"
"57407915","2","10","2014-04-04","1","2014-04-04 11:33:15","2013-09-17 00:26:23","1","Android","Mozilla/5.0 (Linux; U; Android 4.2.1; en-us; Nexus Build/JOP40D) AppleWebKit/534.30 (KHTML, like Gecko) Version/4.0 Mobile Safari/534.30"
"57407970","2","10","2014-04-04","1","2014-04-04 11:33:31","2013-09-17 00:29:49","1","Android","Mozilla/5.0 (Linux; U; Android 4.2.1; en-us; Nexus Build/JOP40D) AppleWebKit/534.30 (KHTML, like Gecko) Version/4.0 Mobile Safari/534.30"
"57408047","2","10","2014-04-04","1","2014-04-04 11:33:48","2013-09-17 00:29:49","1","Android","Mozilla/5.0 (Linux; U; Android 4.2.1; en-us; Nexus Build/JOP40D) AppleWebKit/534.30 (KHTML, like Gecko) Version/4.0 Mobile Safari/534.30"
"57408089","2","10","2014-04-04","1","2014-04-04 11:34:04","2013-09-17 00:29:49","1","Android","Mozilla/5.0 (Linux; U; Android 4.2.1; en-us; Nexus Build/JOP40D) AppleWebKit/534.30 (KHTML, like Gecko) Version/4.0 Mobile Safari/534.30"
"57408149","2","10","2014-04-04","1","2014-04-04 11:37:13","2013-09-17 00:33:19","1","Android","Mozilla/5.0 (Linux; U; Android 4.2.1; en-us; Nexus Build/JOP40D) AppleWebKit/534.30 (KHTML, like Gecko) Version/4.0 Mobile Safari/534.30"
"57408210","2","10","2014-04-04","1","2014-04-04 11:37:31","2013-09-17 00:33:19","1","Android","Mozilla/5.0 (Linux; U; Android 4.2.1; en-us; Nexus Build/JOP40D) AppleWebKit/534.30 (KHTML, like Gecko) Version/4.0 Mobile Safari/534.30"
"57408284","2","10","2014-04-04","1","2014-04-04 11:37:49","2013-09-17 00:33:19","1","Android","Mozilla/5.0 (Linux; U; Android 4.2.1; en-us; Nexus Build/JOP40D) AppleWebKit/534.30 (KHTML, like Gecko) Version/4.0 Mobile Safari/534.30"
"57408485","2","10","2014-04-04","1","2014-04-04 11:38:06","2013-09-17 00:33:20","1","Android","Mozilla/5.0 (Linux; U; Android 4.2.1; en-us; Nexus Build/JOP40D) AppleWebKit/534.30 (KHTML, like Gecko) Version/4.0 Mobile Safari/534.30"
"57408638","2","10","2014-04-04","1","2014-04-04 11:38:24","2013-09-17 00:33:20","1","Android","Mozilla/5.0 (Linux; U; Android 4.2.1; en-us; Nexus Build/JOP40D) AppleWebKit/534.30 (KHTML, like Gecko) Version/4.0 Mobile Safari/534.30"
"57408731","2","10","2014-04-04","1","2014-04-04 11:38:43","2013-09-17 00:33:20","1","Android","Mozilla/5.0 (Linux; U; Android 4.2.1; en-us; Nexus Build/JOP40D) AppleWebKit/534.30 (KHTML, like Gecko) Version/4.0 Mobile Safari/534.30"
"57408799","2","10","2014-04-04","1","2014-04-04 11:38:59","2013-09-17 00:33:20","1","Android","Mozilla/5.0 (Linux; U; Android 4.2.1; en-us; Nexus Build/JOP40D) AppleWebKit/534.30 (KHTML, like Gecko) Version/4.0 Mobile Safari/534.30"
"57408861","2","10","2014-04-04","1","2014-04-04 11:39:17","2013-09-17 00:36:47","1","Android","Mozilla/5.0 (Linux; U; Android 4.2.1; en-us; Nexus Build/JOP40D) AppleWebKit/534.30 (KHTML, like Gecko) Version/4.0 Mobile Safari/534.30"
"57408915","2","10","2014-04-04","1","2014-04-04 11:39:35","2013-09-17 00:36:47","1","Android","Mozilla/5.0 (Linux; U; Android 4.2.1; en-us; Nexus Build/JOP40D) AppleWebKit/534.30 (KHTML, like Gecko) Version/4.0 Mobile Safari/534.30"
"57408999","2","10","2014-04-04","1","2014-04-04 11:39:52","2013-09-17 00:36:47","1","Android","Mozilla/5.0 (Linux; U; Android 4.2.1; en-us; Nexus Build/JOP40D) AppleWebKit/534.30 (KHTML, like Gecko) Version/4.0 Mobile Safari/534.30"
"57409255","2","10","2014-04-04","1","2014-04-04 11:34:21","2013-09-17 00:29:50","1","Android","Mozilla/5.0 (Linux; U; Android 4.2.1; en-us; Nexus Build/JOP40D) AppleWebKit/534.30 (KHTML, like Gecko) Version/4.0 Mobile Safari/534.30"
"57409314","2","10","2014-04-04","1","2014-04-04 11:34:37","2013-09-17 00:29:50","1","Android","Mozilla/5.0 (Linux; U; Android 4.2.1; en-us; Nexus Build/JOP40D) AppleWebKit/534.30 (KHTML, like Gecko) Version/4.0 Mobile Safari/534.30"
"57409383","2","10","2014-04-04","1","2014-04-04 11:40:11","2013-09-17 00:36:48","1","Android","Mozilla/5.0 (Linux; U; Android 4.2.1; en-us; Nexus Build/JOP40D) AppleWebKit/534.30 (KHTML, like Gecko) Version/4.0 Mobile Safari/534.30"
"57409441","2","10","2014-04-04","1","2014-04-04 11:40:28","2013-09-17 00:36:48","1","Android","Mozilla/5.0 (Linux; U; Android 4.2.1; en-us; Nexus Build/JOP40D) AppleWebKit/534.30 (KHTML, like Gecko) Version/4.0 Mobile Safari/534.30"
"57409508","2","10","2014-04-04","1","2014-04-04 11:40:46","2013-09-17 00:36:48","1","Android","Mozilla/5.0 (Linux; U; Android 4.2.1; en-us; Nexus Build/JOP40D) AppleWebKit/534.30 (KHTML, like Gecko) Version/4.0 Mobile Safari/534.30"
"57409562","2","10","2014-04-04","1","2014-04-04 11:41:03","2013-09-17 00:36:49","1","Android","Mozilla/5.0 (Linux; U; Android 4.2.1; en-us; Nexus Build/JOP40D) AppleWebKit/534.30 (KHTML, like Gecko) Version/4.0 Mobile Safari/534.30"
"57409658","2","10","2014-04-04","1","2014-04-04 11:41:22","2013-09-17 00:36:49","1","Android","Mozilla/5.0 (Linux; U; Android 4.2.1; en-us; Nexus Build/JOP40D) AppleWebKit/534.30 (KHTML, like Gecko) Version/4.0 Mobile Safari/534.30"
"57409729","2","10","2014-04-04","1","2014-04-04 11:41:39","2013-09-17 00:36:49","1","Android","Mozilla/5.0 (Linux; U; Android 4.2.1; en-us; Nexus Build/JOP40D) AppleWebKit/534.30 (KHTML, like Gecko) Version/4.0 Mobile Safari/534.30"
"57409812","2","10","2014-04-04","1","2014-04-04 11:41:57","2013-09-17 00:36:50","1","Android","Mozilla/5.0 (Linux; U; Android 4.2.1; en-us; Nexus Build/JOP40D) AppleWebKit/534.30 (KHTML, like Gecko) Version/4.0 Mobile Safari/534.30"
"57409870","2","10","2014-04-04","1","2014-04-04 11:42:15","2013-09-17 00:40:16","1","Android","Mozilla/5.0 (Linux; U; Android 4.2.1; en-us; Nexus Build/JOP40D) AppleWebKit/534.30 (KHTML, like Gecko) Version/4.0 Mobile Safari/534.30"
"57410060","2","10","2014-04-04","1","2014-04-04 11:42:32","2013-09-17 00:40:16","1","Android","Mozilla/5.0 (Linux; U; Android 4.2.1; en-us; Nexus Build/JOP40D) AppleWebKit/534.30 (KHTML, like Gecko) Version/4.0 Mobile Safari/534.30"
"57410120","2","10","2014-04-04","1","2014-04-04 11:42:49","2013-09-17 00:40:17","1","Android","Mozilla/5.0 (Linux; U; Android 4.2.1; en-us; Nexus Build/JOP40D) AppleWebKit/534.30 (KHTML, like Gecko) Version/4.0 Mobile Safari/534.30"
"57410195","2","10","2014-04-04","1","2014-04-04 11:43:05","2013-09-17 00:40:17","1","Android","Mozilla/5.0 (Linux; U; Android 4.2.1; en-us; Nexus Build/JOP40D) AppleWebKit/534.30 (KHTML, like Gecko) Version/4.0 Mobile Safari/534.30"
"57410259","2","10","2014-04-04","1","2014-04-04 11:43:23","2013-09-17 00:40:17","1","Android","Mozilla/5.0 (Linux; U; Android 4.2.1; en-us; Nexus Build/JOP40D) AppleWebKit/534.30 (KHTML, like Gecko) Version/4.0 Mobile Safari/534.30"
"57410356","2","10","2014-04-04","1","2014-04-04 11:43:41","2013-09-17 00:40:17","1","Android","Mozilla/5.0 (Linux; U; Android 4.2.1; en-us; Nexus Build/JOP40D) AppleWebKit/534.30 (KHTML, like Gecko) Version/4.0 Mobile Safari/534.30"
"57410410","2","10","2014-04-04","1","2014-04-04 11:43:59","2013-09-17 00:40:18","1","Android","Mozilla/5.0 (Linux; U; Android 4.2.1; en-us; Nexus Build/JOP40D) AppleWebKit/534.30 (KHTML, like Gecko) Version/4.0 Mobile Safari/534.30"
"57410488","2","10","2014-04-04","1","2014-04-04 11:44:19","2013-09-17 00:40:18","1","Android","Mozilla/5.0 (Linux; U; Android 4.2.1; en-us; Nexus Build/JOP40D) AppleWebKit/534.30 (KHTML, like Gecko) Version/4.0 Mobile Safari/534.30"
"57410542","2","10","2014-04-04","1","2014-04-04 11:44:36","2013-09-17 00:40:18","1","Android","Mozilla/5.0 (Linux; U; Android 4.2.1; en-us; Nexus Build/JOP40D) AppleWebKit/534.30 (KHTML, like Gecko) Version/4.0 Mobile Safari/534.30"
"57410673","2","10","2014-04-04","1","2014-04-04 11:44:55","2013-09-17 00:40:19","1","Android","Mozilla/5.0 (Linux; U; Android 4.2.1; en-us; Nexus Build/JOP40D) AppleWebKit/534.30 (KHTML, like Gecko) Version/4.0 Mobile Safari/534.30"
"57410799","2","10","2014-04-04","1","2014-04-04 11:45:13","2013-10-10 23:36:43","1","Android","Mozilla/5.0 (Linux; U; Android 4.2.1; en-us; Nexus Build/JOP40D) AppleWebKit/534.30 (KHTML, like Gecko) Version/4.0 Mobile Safari/534.30"
"57411393","2","10","2014-04-04","1","2014-04-04 11:45:32","2013-10-10 23:36:43","1","Android","Mozilla/5.0 (Linux; U; Android 4.2.1; en-us; Nexus Build/JOP40D) AppleWebKit/534.30 (KHTML, like Gecko) Version/4.0 Mobile Safari/534.30"
"57427963","2","10","2014-04-04","1","2014-04-04 11:45:51","2013-10-10 23:36:44","1","Android","Mozilla/5.0 (Linux; U; Android 4.2.1; en-us; Nexus Build/JOP40D) AppleWebKit/534.30 (KHTML, like Gecko) Version/4.0 Mobile Safari/534.30"
"57430220","2","10","2014-04-04","1","2014-04-04 11:46:09","2013-10-10 23:36:44","1","Android","Mozilla/5.0 (Linux; U; Android 4.2.1; en-us; Nexus Build/JOP40D) AppleWebKit/534.30 (KHTML, like Gecko) Version/4.0 Mobile Safari/534.30"
"57430346","2","10","2014-04-04","1","2014-04-04 11:46:27","2013-10-10 23:36:44","1","Android","Mozilla/5.0 (Linux; U; Android 4.2.1; en-us; Nexus Build/JOP40D) AppleWebKit/534.30 (KHTML, like Gecko) Version/4.0 Mobile Safari/534.30"
"57433365","2","10","2014-04-04","1","2014-04-04 11:46:44","2013-10-10 23:36:44","1","Android","Mozilla/5.0 (Linux; U; Android 4.2.1; en-us; Nexus Build/JOP40D) AppleWebKit/534.30 (KHTML, like Gecko) Version/4.0 Mobile Safari/534.30"
"57439133","2","10","2014-04-04","1","2014-04-04 11:47:02","2013-10-10 23:36:45","1","Android","Mozilla/5.0 (Linux; U; Android 4.2.1; en-us; Nexus Build/JOP40D) AppleWebKit/534.30 (KHTML, like Gecko) Version/4.0 Mobile Safari/534.30"
"57439408","2","10","2014-04-04","1","2014-04-04 11:47:19","2013-10-10 23:36:45","1","Android","Mozilla/5.0 (Linux; U; Android 4.2.1; en-us; Nexus Build/JOP40D) AppleWebKit/534.30 (KHTML, like Gecko) Version/4.0 Mobile Safari/534.30"
"57439465","2","10","2014-04-04","1","2014-04-04 11:47:37","2013-10-10 23:36:45","1","Android","Mozilla/5.0 (Linux; U; Android 4.2.1; en-us; Nexus Build/JOP40D) AppleWebKit/534.30 (KHTML, like Gecko) Version/4.0 Mobile Safari/534.30"
"57439506","2","10","2014-04-04","1","2014-04-04 11:47:54","2013-10-10 23:36:46","1","Android","Mozilla/5.0 (Linux; U; Android 4.2.1; en-us; Nexus Build/JOP40D) AppleWebKit/534.30 (KHTML, like Gecko) Version/4.0 Mobile Safari/534.30"
"57439632","2","10","2014-04-04","1","2014-04-04 11:48:11","2013-10-10 23:40:47","1","Android","Mozilla/5.0 (Linux; U; Android 4.2.1; en-us; Nexus Build/JOP40D) AppleWebKit/534.30 (KHTML, like Gecko) Version/4.0 Mobile Safari/534.30"
"57439679","2","10","2014-04-04","1","2014-04-04 11:48:30","2013-10-10 23:40:47","1","Android","Mozilla/5.0 (Linux; U; Android 4.2.1; en-us; Nexus Build/JOP40D) AppleWebKit/534.30 (KHTML, like Gecko) Version/4.0 Mobile Safari/534.30"
"57439721","2","10","2014-04-04","1","2014-04-04 11:48:48","2013-10-10 23:40:47","1","Android","Mozilla/5.0 (Linux; U; Android 4.2.1; en-us; Nexus Build/JOP40D) AppleWebKit/534.30 (KHTML, like Gecko) Version/4.0 Mobile Safari/534.30"
"57439755","2","10","2014-04-04","1","2014-04-04 11:49:05","2013-10-10 23:40:47","1","Android","Mozilla/5.0 (Linux; U; Android 4.2.1; en-us; Nexus Build/JOP40D) AppleWebKit/534.30 (KHTML, like Gecko) Version/4.0 Mobile Safari/534.30"
"57439797","2","10","2014-04-04","1","2014-04-04 11:49:24","2013-10-10 23:40:47","1","Android","Mozilla/5.0 (Linux; U; Android 4.2.1; en-us; Nexus Build/JOP40D) AppleWebKit/534.30 (KHTML, like Gecko) Version/4.0 Mobile Safari/534.30"
"57439836","2","10","2014-04-04","1","2014-04-04 11:49:41","2013-10-10 23:40:48","1","Android","Mozilla/5.0 (Linux; U; Android 4.2.1; en-us; Nexus Build/JOP40D) AppleWebKit/534.30 (KHTML, like Gecko) Version/4.0 Mobile Safari/534.30"
"57439873","2","10","2014-04-04","1","2014-04-04 11:49:57","2013-10-10 23:40:48","1","Android","Mozilla/5.0 (Linux; U; Android 4.2.1; en-us; Nexus Build/JOP40D) AppleWebKit/534.30 (KHTML, like Gecko) Version/4.0 Mobile Safari/534.30"
"57439902","2","10","2014-04-04","1","2014-04-04 11:52:49","2013-10-10 23:44:34","1","Android","Mozilla/5.0 (Linux; U; Android 4.2.1; en-us; Nexus Build/JOP40D) AppleWebKit/534.30 (KHTML, like Gecko) Version/4.0 Mobile Safari/534.30"
"57439933","2","10","2014-04-04","1","2014-04-04 11:53:06","2013-10-10 23:44:35","1","Android","Mozilla/5.0 (Linux; U; Android 4.2.1; en-us; Nexus Build/JOP40D) AppleWebKit/534.30 (KHTML, like Gecko) Version/4.0 Mobile Safari/534.30"
"57439996","2","10","2014-04-04","1","2014-04-04 11:53:25","2013-10-10 23:44:35","1","Android","Mozilla/5.0 (Linux; U; Android 4.2.1; en-us; Nexus Build/JOP40D) AppleWebKit/534.30 (KHTML, like Gecko) Version/4.0 Mobile Safari/534.30"
"57440061","2","10","2014-04-04","1","2014-04-04 11:53:42","2013-10-10 23:44:35","1","Android","Mozilla/5.0 (Linux; U; Android 4.2.1; en-us; Nexus Build/JOP40D) AppleWebKit/534.30 (KHTML, like Gecko) Version/4.0 Mobile Safari/534.30"
"57440112","2","10","2014-04-04","1","2014-04-04 11:54:00","2013-10-10 23:48:16","1","Android","Mozilla/5.0 (Linux; U; Android 4.2.1; en-us; Nexus Build/JOP40D) AppleWebKit/534.30 (KHTML, like Gecko) Version/4.0 Mobile Safari/534.30"
"57440168","2","10","2014-04-04","1","2014-04-04 11:54:17","2013-10-10 23:48:16","1","Android","Mozilla/5.0 (Linux; U; Android 4.2.1; en-us; Nexus Build/JOP40D) AppleWebKit/534.30 (KHTML, like Gecko) Version/4.0 Mobile Safari/534.30"
"57440203","2","10","2014-04-04","1","2014-04-04 11:54:35","2013-10-10 23:48:17","1","Android","Mozilla/5.0 (Linux; U; Android 4.2.1; en-us; Nexus Build/JOP40D) AppleWebKit/534.30 (KHTML, like Gecko) Version/4.0 Mobile Safari/534.30"
"57440392","2","10","2014-04-04","1","2014-04-04 11:54:51","2013-10-10 23:48:17","1","Android","Mozilla/5.0 (Linux; U; Android 4.2.1; en-us; Nexus Build/JOP40D) AppleWebKit/534.30 (KHTML, like Gecko) Version/4.0 Mobile Safari/534.30"
"57440520","2","10","2014-04-04","1","2014-04-04 11:55:09","2013-10-10 23:48:17","1","Android","Mozilla/5.0 (Linux; U; Android 4.2.1; en-us; Nexus Build/JOP40D) AppleWebKit/534.30 (KHTML, like Gecko) Version/4.0 Mobile Safari/534.30"
"57440580","2","10","2014-04-04","1","2014-04-04 11:50:14","2013-10-10 23:40:48","1","Android","Mozilla/5.0 (Linux; U; Android 4.2.1; en-us; Nexus Build/JOP40D) AppleWebKit/534.30 (KHTML, like Gecko) Version/4.0 Mobile Safari/534.30"
"57440629","2","10","2014-04-04","1","2014-04-04 11:50:31","2013-10-10 23:40:48","1","Android","Mozilla/5.0 (Linux; U; Android 4.2.1; en-us; Nexus Build/JOP40D) AppleWebKit/534.30 (KHTML, like Gecko) Version/4.0 Mobile Safari/534.30"
"57442951","2","10","2014-04-04","1","2014-04-04 11:55:26","2013-10-10 23:48:17","1","Android","Mozilla/5.0 (Linux; U; Android 4.2.1; en-us; Nexus Build/JOP40D) AppleWebKit/534.30 (KHTML, like Gecko) Version/4.0 Mobile Safari/534.30"
"57443073","2","10","2014-04-04","1","2014-04-04 11:55:43","2013-10-10 23:48:18","1","Android","Mozilla/5.0 (Linux; U; Android 4.2.1; en-us; Nexus Build/JOP40D) AppleWebKit/534.30 (KHTML, like Gecko) Version/4.0 Mobile Safari/534.30"
"57443137","2","10","2014-04-04","1","2014-04-04 11:56:00","2013-10-10 23:48:18","1","Android","Mozilla/5.0 (Linux; U; Android 4.2.1; en-us; Nexus Build/JOP40D) AppleWebKit/534.30 (KHTML, like Gecko) Version/4.0 Mobile Safari/534.30"
"57443329","2","10","2014-04-04","1","2014-04-04 11:56:17","2013-10-10 23:48:18","1","Android","Mozilla/5.0 (Linux; U; Android 4.2.1; en-us; Nexus Build/JOP40D) AppleWebKit/534.30 (KHTML, like Gecko) Version/4.0 Mobile Safari/534.30"
"57443487","2","10","2014-04-04","1","2014-04-04 11:56:33","2013-10-10 23:48:19","1","Android","Mozilla/5.0 (Linux; U; Android 4.2.1; en-us; Nexus Build/JOP40D) AppleWebKit/534.30 (KHTML, like Gecko) Version/4.0 Mobile Safari/534.30"
"57443551","2","10","2014-04-04","1","2014-04-04 11:56:50","2013-10-10 23:52:15","1","Android","Mozilla/5.0 (Linux; U; Android 4.2.1; en-us; Nexus Build/JOP40D) AppleWebKit/534.30 (KHTML, like Gecko) Version/4.0 Mobile Safari/534.30"
"57443627","2","10","2014-04-04","1","2014-04-04 11:57:07","2013-10-10 23:52:15","1","Android","Mozilla/5.0 (Linux; U; Android 4.2.1; en-us; Nexus Build/JOP40D) AppleWebKit/534.30 (KHTML, like Gecko) Version/4.0 Mobile Safari/534.30"
"57443692","2","10","2014-04-04","1","2014-04-04 11:57:24","2013-10-10 23:52:15","1","Android","Mozilla/5.0 (Linux; U; Android 4.2.1; en-us; Nexus Build/JOP40D) AppleWebKit/534.30 (KHTML, like Gecko) Version/4.0 Mobile Safari/534.30"
"57443761","2","10","2014-04-04","1","2014-04-04 11:50:49","2013-10-10 23:40:49","1","Android","Mozilla/5.0 (Linux; U; Android 4.2.1; en-us; Nexus Build/JOP40D) AppleWebKit/534.30 (KHTML, like Gecko) Version/4.0 Mobile Safari/534.30"
"57443866","2","10","2014-04-04","1","2014-04-04 11:51:06","2013-10-10 23:44:33","1","Android","Mozilla/5.0 (Linux; U; Android 4.2.1; en-us; Nexus Build/JOP40D) AppleWebKit/534.30 (KHTML, like Gecko) Version/4.0 Mobile Safari/534.30"
"57443945","2","10","2014-04-04","1","2014-04-04 11:57:41","2013-10-10 23:52:15","1","Android","Mozilla/5.0 (Linux; U; Android 4.2.1; en-us; Nexus Build/JOP40D) AppleWebKit/534.30 (KHTML, like Gecko) Version/4.0 Mobile Safari/534.30"
"57444032","2","10","2014-04-04","1","2014-04-04 11:57:57","2013-10-10 23:52:16","1","Android","Mozilla/5.0 (Linux; U; Android 4.2.1; en-us; Nexus Build/JOP40D) AppleWebKit/534.30 (KHTML, like Gecko) Version/4.0 Mobile Safari/534.30"
"57444133","2","10","2014-04-04","1","2014-04-04 11:58:13","2013-10-10 23:52:16","1","Android","Mozilla/5.0 (Linux; U; Android 4.2.1; en-us; Nexus Build/JOP40D) AppleWebKit/534.30 (KHTML, like Gecko) Version/4.0 Mobile Safari/534.30"
"57444197","2","10","2014-04-04","1","2014-04-04 11:58:30","2013-10-10 23:52:16","1","Android","Mozilla/5.0 (Linux; U; Android 4.2.1; en-us; Nexus Build/JOP40D) AppleWebKit/534.30 (KHTML, like Gecko) Version/4.0 Mobile Safari/534.30"
"57444294","2","10","2014-04-04","1","2014-04-04 11:58:47","2013-10-10 23:52:17","1","Android","Mozilla/5.0 (Linux; U; Android 4.2.1; en-us; Nexus Build/JOP40D) AppleWebKit/534.30 (KHTML, like Gecko) Version/4.0 Mobile Safari/534.30"
"57444361","2","10","2014-04-04","1","2014-04-04 11:59:04","2013-10-10 23:52:17","1","Android","Mozilla/5.0 (Linux; U; Android 4.2.1; en-us; Nexus Build/JOP40D) AppleWebKit/534.30 (KHTML, like Gecko) Version/4.0 Mobile Safari/534.30"
"57446192","2","10","2014-04-04","1","2014-04-04 11:59:20","2013-10-10 23:52:17","1","Android","Mozilla/5.0 (Linux; U; Android 4.2.1; en-us; Nexus Build/JOP40D) AppleWebKit/534.30 (KHTML, like Gecko) Version/4.0 Mobile Safari/534.30"
"57446246","2","10","2014-04-04","1","2014-04-04 11:59:37","2013-10-10 23:56:59","1","Android","Mozilla/5.0 (Linux; U; Android 4.2.1; en-us; Nexus Build/JOP40D) AppleWebKit/534.30 (KHTML, like Gecko) Version/4.0 Mobile Safari/534.30"
"57446309","2","10","2014-04-04","1","2014-04-04 11:51:25","2013-10-10 23:44:33","1","Android","Mozilla/5.0 (Linux; U; Android 4.2.1; en-us; Nexus Build/JOP40D) AppleWebKit/534.30 (KHTML, like Gecko) Version/4.0 Mobile Safari/534.30"
"57446359","2","10","2014-04-04","1","2014-04-04 11:51:42","2013-10-10 23:44:33","1","Android","Mozilla/5.0 (Linux; U; Android 4.2.1; en-us; Nexus Build/JOP40D) AppleWebKit/534.30 (KHTML, like Gecko) Version/4.0 Mobile Safari/534.30"
"57446431","2","10","2014-04-04","1","2014-04-04 11:51:58","2013-10-10 23:44:34","1","Android","Mozilla/5.0 (Linux; U; Android 4.2.1; en-us; Nexus Build/JOP40D) AppleWebKit/534.30 (KHTML, like Gecko) Version/4.0 Mobile Safari/534.30"
"57446507","2","10","2014-04-04","1","2014-04-04 11:52:15","2013-10-10 23:44:34","1","Android","Mozilla/5.0 (Linux; U; Android 4.2.1; en-us; Nexus Build/JOP40D) AppleWebKit/534.30 (KHTML, like Gecko) Version/4.0 Mobile Safari/534.30"
"57446596","2","10","2014-04-04","1","2014-04-04 11:59:54","2013-10-10 23:56:59","1","Android","Mozilla/5.0 (Linux; U; Android 4.2.1; en-us; Nexus Build/JOP40D) AppleWebKit/534.30 (KHTML, like Gecko) Version/4.0 Mobile Safari/534.30"
"57446653","2","10","2014-04-04","1","2014-04-04 12:00:12","2013-10-10 23:56:59","1","Android","Mozilla/5.0 (Linux; U; Android 4.2.1; en-us; Nexus Build/JOP40D) AppleWebKit/534.30 (KHTML, like Gecko) Version/4.0 Mobile Safari/534.30"
"57446714","2","10","2014-04-04","1","2014-04-04 12:00:29","2013-10-10 23:57:00","1","Android","Mozilla/5.0 (Linux; U; Android 4.2.1; en-us; Nexus Build/JOP40D) AppleWebKit/534.30 (KHTML, like Gecko) Version/4.0 Mobile Safari/534.30"
"57446768","2","10","2014-04-04","1","2014-04-04 12:00:46","2013-10-10 23:57:00","1","Android","Mozilla/5.0 (Linux; U; Android 4.2.1; en-us; Nexus Build/JOP40D) AppleWebKit/534.30 (KHTML, like Gecko) Version/4.0 Mobile Safari/534.30"
"57446840","2","10","2014-04-04","1","2014-04-04 11:52:32","2013-10-10 23:44:34","1","Android","Mozilla/5.0 (Linux; U; Android 4.2.1; en-us; Nexus Build/JOP40D) AppleWebKit/534.30 (KHTML, like Gecko) Version/4.0 Mobile Safari/534.30"
"57447052","2","10","2014-04-04","1","2014-04-04 12:01:03","2013-10-10 23:57:00","1","Android","Mozilla/5.0 (Linux; U; Android 4.2.1; en-us; Nexus Build/JOP40D) AppleWebKit/534.30 (KHTML, like Gecko) Version/4.0 Mobile Safari/534.30"
"57447231","2","10","2014-04-04","1","2014-04-04 10:35:16","2013-09-15 12:45:22","1","Android","Mozilla/5.0 (Linux; U; Android 4.2.1; en-us; Nexus Build/JOP40D) AppleWebKit/534.30 (KHTML, like Gecko) Version/4.0 Mobile Safari/534.30"
"57447286","2","10","2014-04-04","1","2014-04-04 12:01:20","2013-10-10 23:57:01","1","Android","Mozilla/5.0 (Linux; U; Android 4.2.1; en-us; Nexus Build/JOP40D) AppleWebKit/534.30 (KHTML, like Gecko) Version/4.0 Mobile Safari/534.30"
"57447352","2","10","2014-04-04","1","2014-04-04 12:01:37","2013-10-10 23:57:01","1","Android","Mozilla/5.0 (Linux; U; Android 4.2.1; en-us; Nexus Build/JOP40D) AppleWebKit/534.30 (KHTML, like Gecko) Version/4.0 Mobile Safari/534.30"
"57474353","2","10","2014-04-04","1","2014-04-04 12:01:54","2013-10-10 23:57:01","1","Android","Mozilla/5.0 (Linux; U; Android 4.2.1; en-us; Nexus Build/JOP40D) AppleWebKit/534.30 (KHTML, like Gecko) Version/4.0 Mobile Safari/534.30"
"57477510","2","10","2014-04-04","1","2014-04-04 12:02:11","2013-10-10 23:57:02","1","Android","Mozilla/5.0 (Linux; U; Android 4.2.1; en-us; Nexus Build/JOP40D) AppleWebKit/534.30 (KHTML, like Gecko) Version/4.0 Mobile Safari/534.30"
"57477570","2","10","2014-04-04","1","2014-04-04 12:02:30","2013-10-11 00:00:45","1","Android","Mozilla/5.0 (Linux; U; Android 4.2.1; en-us; Nexus Build/JOP40D) AppleWebKit/534.30 (KHTML, like Gecko) Version/4.0 Mobile Safari/534.30"
"57477623","2","10","2014-04-04","1","2014-04-04 12:02:47","2013-10-11 00:00:45","1","Android","Mozilla/5.0 (Linux; U; Android 4.2.1; en-us; Nexus Build/JOP40D) AppleWebKit/534.30 (KHTML, like Gecko) Version/4.0 Mobile Safari/534.30"
"57477665","2","10","2014-04-04","1","2014-04-04 12:03:03","2013-10-11 00:00:46","1","Android","Mozilla/5.0 (Linux; U; Android 4.2.1; en-us; Nexus Build/JOP40D) AppleWebKit/534.30 (KHTML, like Gecko) Version/4.0 Mobile Safari/534.30"
"57477729","2","10","2014-04-04","1","2014-04-04 12:03:20","2013-10-11 00:00:46","1","Android","Mozilla/5.0 (Linux; U; Android 4.2.1; en-us; Nexus Build/JOP40D) AppleWebKit/534.30 (KHTML, like Gecko) Version/4.0 Mobile Safari/534.30"
"57477779","2","10","2014-04-04","1","2014-04-04 12:03:39","2013-10-11 00:00:46","1","Android","Mozilla/5.0 (Linux; U; Android 4.2.1; en-us; Nexus Build/JOP40D) AppleWebKit/534.30 (KHTML, like Gecko) Version/4.0 Mobile Safari/534.30"
"57477828","2","10","2014-04-04","1","2014-04-04 12:06:03","2013-10-11 00:04:31","1","Android","Mozilla/5.0 (Linux; U; Android 4.2.1; en-us; Nexus Build/JOP40D) AppleWebKit/534.30 (KHTML, like Gecko) Version/4.0 Mobile Safari/534.30"
"57477864","2","10","2014-04-04","1","2014-04-04 12:06:22","2013-10-11 00:04:32","1","Android","Mozilla/5.0 (Linux; U; Android 4.2.1; en-us; Nexus Build/JOP40D) AppleWebKit/534.30 (KHTML, like Gecko) Version/4.0 Mobile Safari/534.30"
"57478513","2","10","2014-04-04","1","2014-04-04 12:03:57","2013-10-11 00:00:46","1","Android","Mozilla/5.0 (Linux; U; Android 4.2.1; en-us; Nexus Build/JOP40D) AppleWebKit/534.30 (KHTML, like Gecko) Version/4.0 Mobile Safari/534.30"
"57478562","2","10","2014-04-04","1","2014-04-04 12:04:15","2013-10-11 00:00:47","1","Android","Mozilla/5.0 (Linux; U; Android 4.2.1; en-us; Nexus Build/JOP40D) AppleWebKit/534.30 (KHTML, like Gecko) Version/4.0 Mobile Safari/534.30"
"57478634","2","10","2014-04-04","1","2014-04-04 12:04:33","2013-10-11 00:00:47","1","Android","Mozilla/5.0 (Linux; U; Android 4.2.1; en-us; Nexus Build/JOP40D) AppleWebKit/534.30 (KHTML, like Gecko) Version/4.0 Mobile Safari/534.30"
"57478680","2","10","2014-04-04","1","2014-04-04 12:04:51","2013-10-11 00:00:47","1","Android","Mozilla/5.0 (Linux; U; Android 4.2.1; en-us; Nexus Build/JOP40D) AppleWebKit/534.30 (KHTML, like Gecko) Version/4.0 Mobile Safari/534.30"
"57478768","2","10","2014-04-04","1","2014-04-04 12:06:41","2013-10-11 00:04:32","1","Android","Mozilla/5.0 (Linux; U; Android 4.2.1; en-us; Nexus Build/JOP40D) AppleWebKit/534.30 (KHTML, like Gecko) Version/4.0 Mobile Safari/534.30"
"57478841","2","10","2014-04-04","1","2014-04-04 12:06:58","2013-10-11 00:04:32","1","Android","Mozilla/5.0 (Linux; U; Android 4.2.1; en-us; Nexus Build/JOP40D) AppleWebKit/534.30 (KHTML, like Gecko) Version/4.0 Mobile Safari/534.30"
"57479079","2","10","2014-04-04","1","2014-04-04 12:07:15","2013-10-11 00:04:32","1","Android","Mozilla/5.0 (Linux; U; Android 4.2.1; en-us; Nexus Build/JOP40D) AppleWebKit/534.30 (KHTML, like Gecko) Version/4.0 Mobile Safari/534.30"
"57479142","2","10","2014-04-04","1","2014-04-04 12:07:34","2013-10-11 00:04:33","1","Android","Mozilla/5.0 (Linux; U; Android 4.2.1; en-us; Nexus Build/JOP40D) AppleWebKit/534.30 (KHTML, like Gecko) Version/4.0 Mobile Safari/534.30"
"57479386","2","10","2014-04-04","1","2014-04-04 12:07:53","2013-10-11 00:04:33","1","Android","Mozilla/5.0 (Linux; U; Android 4.2.1; en-us; Nexus Build/JOP40D) AppleWebKit/534.30 (KHTML, like Gecko) Version/4.0 Mobile Safari/534.30"
"57479440","2","10","2014-04-04","1","2014-04-04 12:08:11","2013-10-11 00:04:33","1","Android","Mozilla/5.0 (Linux; U; Android 4.2.1; en-us; Nexus Build/JOP40D) AppleWebKit/534.30 (KHTML, like Gecko) Version/4.0 Mobile Safari/534.30"
"57479556","2","10","2014-04-04","1","2014-04-04 12:08:30","2013-10-11 00:08:17","1","Android","Mozilla/5.0 (Linux; U; Android 4.2.1; en-us; Nexus Build/JOP40D) AppleWebKit/534.30 (KHTML, like Gecko) Version/4.0 Mobile Safari/534.30"
"57479603","2","10","2014-04-04","1","2014-04-04 12:08:48","2013-10-11 00:08:17","1","Android","Mozilla/5.0 (Linux; U; Android 4.2.1; en-us; Nexus Build/JOP40D) AppleWebKit/534.30 (KHTML, like Gecko) Version/4.0 Mobile Safari/534.30"
"57479675","2","10","2014-04-04","1","2014-04-04 12:09:05","2013-10-11 00:08:18","1","Android","Mozilla/5.0 (Linux; U; Android 4.2.1; en-us; Nexus Build/JOP40D) AppleWebKit/534.30 (KHTML, like Gecko) Version/4.0 Mobile Safari/534.30"
"57480282","2","10","2014-04-04","1","2014-04-04 12:09:22","2013-10-11 00:08:18","1","Android","Mozilla/5.0 (Linux; U; Android 4.2.1; en-us; Nexus Build/JOP40D) AppleWebKit/534.30 (KHTML, like Gecko) Version/4.0 Mobile Safari/534.30"
"57480428","2","10","2014-04-04","1","2014-04-04 12:05:45","2013-10-11 00:04:31","1","Android","Mozilla/5.0 (Linux; U; Android 4.2.1; en-us; Nexus Build/JOP40D) AppleWebKit/534.30 (KHTML, like Gecko) Version/4.0 Mobile Safari/534.30"
"57480516","2","10","2014-04-04","1","2014-04-04 12:09:42","2013-10-11 00:08:18","1","Android","Mozilla/5.0 (Linux; U; Android 4.2.1; en-us; Nexus Build/JOP40D) AppleWebKit/534.30 (KHTML, like Gecko) Version/4.0 Mobile Safari/534.30"
"57480557","2","10","2014-04-04","1","2014-04-04 12:10:00","2013-10-11 00:08:18","1","Android","Mozilla/5.0 (Linux; U; Android 4.2.1; en-us; Nexus Build/JOP40D) AppleWebKit/534.30 (KHTML, like Gecko) Version/4.0 Mobile Safari/534.30"
"57483623","2","10","2014-04-04","1","2014-04-04 12:10:19","2013-10-11 00:08:19","1","Android","Mozilla/5.0 (Linux; U; Android 4.2.1; en-us; Nexus Build/JOP40D) AppleWebKit/534.30 (KHTML, like Gecko) Version/4.0 Mobile Safari/534.30"
"57483782","2","10","2014-04-04","1","2014-04-04 12:10:38","2013-10-11 00:08:19","1","Android","Mozilla/5.0 (Linux; U; Android 4.2.1; en-us; Nexus Build/JOP40D) AppleWebKit/534.30 (KHTML, like Gecko) Version/4.0 Mobile Safari/534.30"
"57484808","2","10","2014-04-04","1","2014-04-04 12:10:56","2013-10-11 00:08:19","1","Android","Mozilla/5.0 (Linux; U; Android 4.2.1; en-us; Nexus Build/JOP40D) AppleWebKit/534.30 (KHTML, like Gecko) Version/4.0 Mobile Safari/534.30"
"57506089","2","10","2014-04-04","1","2014-04-04 12:11:14","2013-10-11 00:08:20","1","Android","Mozilla/5.0 (Linux; U; Android 4.2.1; en-us; Nexus Build/JOP40D) AppleWebKit/534.30 (KHTML, like Gecko) Version/4.0 Mobile Safari/534.30"
"57506266","2","10","2014-04-04","1","2014-04-04 12:05:09","2013-10-11 00:00:48","1","Android","Mozilla/5.0 (Linux; U; Android 4.2.1; en-us; Nexus Build/JOP40D) AppleWebKit/534.30 (KHTML, like Gecko) Version/4.0 Mobile Safari/534.30"
"57506481","2","10","2014-04-04","1","2014-04-04 12:05:27","2013-10-11 00:04:31","1","Android","Mozilla/5.0 (Linux; U; Android 4.2.1; en-us; Nexus Build/JOP40D) AppleWebKit/534.30 (KHTML, like Gecko) Version/4.0 Mobile Safari/534.30"
"57556714","2","10","2014-04-04","1","2014-04-04 12:11:31","2013-10-11 00:11:59","1","Android","Mozilla/5.0 (Linux; U; Android 4.2.1; en-us; Nexus Build/JOP40D) AppleWebKit/534.30 (KHTML, like Gecko) Version/4.0 Mobile Safari/534.30"
"57556783","2","10","2014-04-04","1","2014-04-04 12:11:50","2013-10-11 00:11:59","1","Android","Mozilla/5.0 (Linux; U; Android 4.2.1; en-us; Nexus Build/JOP40D) AppleWebKit/534.30 (KHTML, like Gecko) Version/4.0 Mobile Safari/534.30"
"57556875","2","10","2014-04-04","1","2014-04-04 12:12:07","2013-10-11 00:12:00","1","Android","Mozilla/5.0 (Linux; U; Android 4.2.1; en-us; Nexus Build/JOP40D) AppleWebKit/534.30 (KHTML, like Gecko) Version/4.0 Mobile Safari/534.30"
"57556920","2","10","2014-04-04","1","2014-04-04 12:12:26","2013-10-11 00:12:00","1","Android","Mozilla/5.0 (Linux; U; Android 4.2.1; en-us; Nexus Build/JOP40D) AppleWebKit/534.30 (KHTML, like Gecko) Version/4.0 Mobile Safari/534.30"
"57556964","2","10","2014-04-04","1","2014-04-04 12:12:44","2013-10-11 00:12:00","1","Android","Mozilla/5.0 (Linux; U; Android 4.2.1; en-us; Nexus Build/JOP40D) AppleWebKit/534.30 (KHTML, like Gecko) Version/4.0 Mobile Safari/534.30"
"57557048","2","10","2014-04-04","1","2014-04-04 12:13:01","2013-10-11 00:12:01","1","Android","Mozilla/5.0 (Linux; U; Android 4.2.1; en-us; Nexus Build/JOP40D) AppleWebKit/534.30 (KHTML, like Gecko) Version/4.0 Mobile Safari/534.30"
"57557121","2","10","2014-04-04","1","2014-04-04 12:13:19","2013-10-11 00:12:01","1","Android","Mozilla/5.0 (Linux; U; Android 4.2.1; en-us; Nexus Build/JOP40D) AppleWebKit/534.30 (KHTML, like Gecko) Version/4.0 Mobile Safari/534.30"
"57557178","2","10","2014-04-04","1","2014-04-04 12:13:37","2013-10-11 00:12:01","1","Android","Mozilla/5.0 (Linux; U; Android 4.2.1; en-us; Nexus Build/JOP40D) AppleWebKit/534.30 (KHTML, like Gecko) Version/4.0 Mobile Safari/534.30"
"57557250","2","10","2014-04-04","1","2014-04-04 12:13:55","2013-10-11 00:12:01","1","Android","Mozilla/5.0 (Linux; U; Android 4.2.1; en-us; Nexus Build/JOP40D) AppleWebKit/534.30 (KHTML, like Gecko) Version/4.0 Mobile Safari/534.30"
"57557334","2","10","2014-04-04","1","2014-04-04 12:14:12","2013-10-11 00:12:02","1","Android","Mozilla/5.0 (Linux; U; Android 4.2.1; en-us; Nexus Build/JOP40D) AppleWebKit/534.30 (KHTML, like Gecko) Version/4.0 Mobile Safari/534.30"
"57627703","2","10","2014-04-04","1","2014-04-04 10:36:42","2013-09-15 12:45:24","1","Android","Mozilla/5.0 (Linux; U; Android 4.2.1; en-us; Nexus Build/JOP40D) AppleWebKit/534.30 (KHTML, like Gecko) Version/4.0 Mobile Safari/534.30"
"57627825","2","10","2014-04-04","1","2014-04-04 10:37:00","2013-09-15 12:45:24","1","Android","Mozilla/5.0 (Linux; U; Android 4.2.1; en-us; Nexus Build/JOP40D) AppleWebKit/534.30 (KHTML, like Gecko) Version/4.0 Mobile Safari/534.30"
"57639940","2","10","2014-04-04","1","2014-04-04 10:37:16","2013-09-15 12:45:24","1","Android","Mozilla/5.0 (Linux; U; Android 4.2.1; en-us; Nexus Build/JOP40D) AppleWebKit/534.30 (KHTML, like Gecko) Version/4.0 Mobile Safari/534.30"
"57640006","2","10","2014-04-04","1","2014-04-04 10:37:33","2013-09-15 12:45:25","1","Android","Mozilla/5.0 (Linux; U; Android 4.2.1; en-us; Nexus Build/JOP40D) AppleWebKit/534.30 (KHTML, like Gecko) Version/4.0 Mobile Safari/534.30"
"57640097","2","10","2014-04-04","1","2014-04-04 10:37:50","2013-09-15 12:45:25","1","Android","Mozilla/5.0 (Linux; U; Android 4.2.1; en-us; Nexus Build/JOP40D) AppleWebKit/534.30 (KHTML, like Gecko) Version/4.0 Mobile Safari/534.30"
"57640277","2","10","2014-04-04","1","2014-04-04 10:38:06","2013-09-15 12:53:39","1","Android","Mozilla/5.0 (Linux; U; Android 4.2.1; en-us; Nexus Build/JOP40D) AppleWebKit/534.30 (KHTML, like Gecko) Version/4.0 Mobile Safari/534.30"
"57640545","2","10","2014-04-04","1","2014-04-04 10:38:23","2013-09-15 12:53:39","1","Android","Mozilla/5.0 (Linux; U; Android 4.2.1; en-us; Nexus Build/JOP40D) AppleWebKit/534.30 (KHTML, like Gecko) Version/4.0 Mobile Safari/534.30"
"57640634","2","10","2014-04-04","1","2014-04-04 10:38:39","2013-09-15 12:53:40","1","Android","Mozilla/5.0 (Linux; U; Android 4.2.1; en-us; Nexus Build/JOP40D) AppleWebKit/534.30 (KHTML, like Gecko) Version/4.0 Mobile Safari/534.30"
"57640737","2","10","2014-04-04","1","2014-04-04 10:38:56","2013-09-15 12:53:40","1","Android","Mozilla/5.0 (Linux; U; Android 4.2.1; en-us; Nexus Build/JOP40D) AppleWebKit/534.30 (KHTML, like Gecko) Version/4.0 Mobile Safari/534.30"
"57784654","2","10","2014-04-04","1","2014-04-04 10:39:13","2013-09-15 12:53:40","1","Android","Mozilla/5.0 (Linux; U; Android 4.2.1; en-us; Nexus Build/JOP40D) AppleWebKit/534.30 (KHTML, like Gecko) Version/4.0 Mobile Safari/534.30"
"57785043","2","10","2014-04-04","1","2014-04-04 10:39:30","2013-09-15 12:23:58","1","Android","Mozilla/5.0 (Linux; U; Android 4.2.1; en-us; Nexus Build/JOP40D) AppleWebKit/534.30 (KHTML, like Gecko) Version/4.0 Mobile Safari/534.30"
"57836096","2","10","2014-04-04","1","2014-04-04 10:39:48","2013-09-15 12:23:58","1","Android","Mozilla/5.0 (Linux; U; Android 4.2.1; en-us; Nexus Build/JOP40D) AppleWebKit/534.30 (KHTML, like Gecko) Version/4.0 Mobile Safari/534.30"
"57836123","2","10","2014-04-04","1","2014-04-04 10:40:06","2013-09-15 12:23:58","1","Android","Mozilla/5.0 (Linux; U; Android 4.2.1; en-us; Nexus Build/JOP40D) AppleWebKit/534.30 (KHTML, like Gecko) Version/4.0 Mobile Safari/534.30"
"57883832","2","10","2014-04-04","1","2014-04-04 10:40:24","2013-09-15 12:23:58","1","Android","Mozilla/5.0 (Linux; U; Android 4.2.1; en-us; Nexus Build/JOP40D) AppleWebKit/534.30 (KHTML, like Gecko) Version/4.0 Mobile Safari/534.30"
"57883904","2","10","2014-04-04","1","2014-04-04 10:40:42","2013-09-15 12:23:59","1","Android","Mozilla/5.0 (Linux; U; Android 4.2.1; en-us; Nexus Build/JOP40D) AppleWebKit/534.30 (KHTML, like Gecko) Version/4.0 Mobile Safari/534.30"
"57928929","2","10","2014-04-04","1","2014-04-04 10:40:59","2013-09-15 12:23:59","1","Android","Mozilla/5.0 (Linux; U; Android 4.2.1; en-us; Nexus Build/JOP40D) AppleWebKit/534.30 (KHTML, like Gecko) Version/4.0 Mobile Safari/534.30"
"57928972","2","10","2014-04-04","1","2014-04-04 10:41:16","2013-09-15 12:23:59","1","Android","Mozilla/5.0 (Linux; U; Android 4.2.1; en-us; Nexus Build/JOP40D) AppleWebKit/534.30 (KHTML, like Gecko) Version/4.0 Mobile Safari/534.30"
"58287488","2","10","2014-04-04","1","2014-04-04 10:41:33","2013-09-15 12:23:59","1","Android","Mozilla/5.0 (Linux; U; Android 4.2.1; en-us; Nexus Build/JOP40D) AppleWebKit/534.30 (KHTML, like Gecko) Version/4.0 Mobile Safari/534.30"
"58287519","2","10","2014-04-04","1","2014-04-04 10:41:51","2013-09-15 12:24:00","1","Android","Mozilla/5.0 (Linux; U; Android 4.2.1; en-us; Nexus Build/JOP40D) AppleWebKit/534.30 (KHTML, like Gecko) Version/4.0 Mobile Safari/534.30"
"58287548","2","10","2014-04-04","1","2014-04-04 10:42:09","2013-09-15 12:24:00","1","Android","Mozilla/5.0 (Linux; U; Android 4.2.1; en-us; Nexus Build/JOP40D) AppleWebKit/534.30 (KHTML, like Gecko) Version/4.0 Mobile Safari/534.30"
"58287583","2","10","2014-04-04","1","2014-04-04 10:42:27","2013-09-15 12:29:05","1","Android","Mozilla/5.0 (Linux; U; Android 4.2.1; en-us; Nexus Build/JOP40D) AppleWebKit/534.30 (KHTML, like Gecko) Version/4.0 Mobile Safari/534.30"
"58287632","2","10","2014-04-04","1","2014-04-04 10:42:45","2013-09-15 12:29:06","1","Android","Mozilla/5.0 (Linux; U; Android 4.2.1; en-us; Nexus Build/JOP40D) AppleWebKit/534.30 (KHTML, like Gecko) Version/4.0 Mobile Safari/534.30"
"58287663","2","10","2014-04-04","1","2014-04-04 10:43:02","2013-09-15 12:29:06","1","Android","Mozilla/5.0 (Linux; U; Android 4.2.1; en-us; Nexus Build/JOP40D) AppleWebKit/534.30 (KHTML, like Gecko) Version/4.0 Mobile Safari/534.30"
"58287712","2","10","2014-04-04","1","2014-04-04 10:43:19","2013-09-15 12:29:06","1","Android","Mozilla/5.0 (Linux; U; Android 4.2.1; en-us; Nexus Build/JOP40D) AppleWebKit/534.30 (KHTML, like Gecko) Version/4.0 Mobile Safari/534.30"
"58287749","2","10","2014-04-04","1","2014-04-04 10:43:36","2013-09-15 12:29:06","1","Android","Mozilla/5.0 (Linux; U; Android 4.2.1; en-us; Nexus Build/JOP40D) AppleWebKit/534.30 (KHTML, like Gecko) Version/4.0 Mobile Safari/534.30"
"58287860","2","10","2014-04-04","1","2014-04-04 10:43:54","2013-09-15 12:29:07","1","Android","Mozilla/5.0 (Linux; U; Android 4.2.1; en-us; Nexus Build/JOP40D) AppleWebKit/534.30 (KHTML, like Gecko) Version/4.0 Mobile Safari/534.30"
"58287911","2","10","2014-04-04","1","2014-04-04 10:44:12","2013-09-15 12:29:07","1","Android","Mozilla/5.0 (Linux; U; Android 4.2.1; en-us; Nexus Build/JOP40D) AppleWebKit/534.30 (KHTML, like Gecko) Version/4.0 Mobile Safari/534.30"
"58287951","2","10","2014-04-04","1","2014-04-04 10:44:29","2013-09-15 12:29:07","1","Android","Mozilla/5.0 (Linux; U; Android 4.2.1; en-us; Nexus Build/JOP40D) AppleWebKit/534.30 (KHTML, like Gecko) Version/4.0 Mobile Safari/534.30"
"58288111","2","10","2014-04-04","1","2014-04-04 10:44:46","2013-09-15 12:29:08","1","Android","Mozilla/5.0 (Linux; U; Android 4.2.1; en-us; Nexus Build/JOP40D) AppleWebKit/534.30 (KHTML, like Gecko) Version/4.0 Mobile Safari/534.30"
"58288198","2","10","2014-04-04","1","2014-04-04 10:45:02","2013-09-15 12:29:08","1","Android","Mozilla/5.0 (Linux; U; Android 4.2.1; en-us; Nexus Build/JOP40D) AppleWebKit/534.30 (KHTML, like Gecko) Version/4.0 Mobile Safari/534.30"
"58288759","2","10","2014-04-04","1","2014-04-04 10:45:20","2013-09-15 12:35:33","1","Android","Mozilla/5.0 (Linux; U; Android 4.2.1; en-us; Nexus Build/JOP40D) AppleWebKit/534.30 (KHTML, like Gecko) Version/4.0 Mobile Safari/534.30"
"58288810","2","10","2014-04-04","1","2014-04-04 10:45:38","2013-09-15 12:35:33","1","Android","Mozilla/5.0 (Linux; U; Android 4.2.1; en-us; Nexus Build/JOP40D) AppleWebKit/534.30 (KHTML, like Gecko) Version/4.0 Mobile Safari/534.30"
"58288850","2","10","2014-04-04","1","2014-04-04 10:45:55","2013-09-15 12:35:35","1","Android","Mozilla/5.0 (Linux; U; Android 4.2.1; en-us; Nexus Build/JOP40D) AppleWebKit/534.30 (KHTML, like Gecko) Version/4.0 Mobile Safari/534.30"
"58288893","2","10","2014-04-04","1","2014-04-04 10:46:13","2013-09-15 12:35:34","1","Android","Mozilla/5.0 (Linux; U; Android 4.2.1; en-us; Nexus Build/JOP40D) AppleWebKit/534.30 (KHTML, like Gecko) Version/4.0 Mobile Safari/534.30"
"58288926","2","10","2014-04-04","1","2014-04-04 10:46:31","2013-09-15 12:35:34","1","Android","Mozilla/5.0 (Linux; U; Android 4.2.1; en-us; Nexus Build/JOP40D) AppleWebKit/534.30 (KHTML, like Gecko) Version/4.0 Mobile Safari/534.30"
"58288955","2","10","2014-04-04","1","2014-04-04 10:46:49","2013-09-16 22:38:16","1","Android","Mozilla/5.0 (Linux; U; Android 4.2.1; en-us; Nexus Build/JOP40D) AppleWebKit/534.30 (KHTML, like Gecko) Version/4.0 Mobile Safari/534.30"
"58288987","2","10","2014-04-04","1","2014-04-04 10:47:06","2013-09-16 22:38:16","1","Android","Mozilla/5.0 (Linux; U; Android 4.2.1; en-us; Nexus Build/JOP40D) AppleWebKit/534.30 (KHTML, like Gecko) Version/4.0 Mobile Safari/534.30"
"58289025","2","10","2014-04-04","1","2014-04-04 10:47:23","2013-09-16 22:38:16","1","Android","Mozilla/5.0 (Linux; U; Android 4.2.1; en-us; Nexus Build/JOP40D) AppleWebKit/534.30 (KHTML, like Gecko) Version/4.0 Mobile Safari/534.30"
"71289420","5","117","2013-04-28","1","2013-04-28 21:08:57","2013-04-13 21:47:24","1","Android","Mozilla/5.0 (Linux; U; Android 4.2.1; en-us; Nexus Build/JOP40D) AppleWebKit/534.30 (KHTML, like Gecko) Version/4.0 Mobile Safari/534.30"
"73093487","139","301222","2014-04-01","1","2014-04-01 22:20:32","2013-05-10 02:21:55","1","Android","Mozilla/5.0 (Linux; U; Android 4.2.1; en-us; Nexus Build/JOP40D) AppleWebKit/534.30 (KHTML, like Gecko) Version/4.0 Mobile Safari/534.30"
